time_s,acceleration_g
0.000000,-1.975655442e-04
0.010000,-1.979303680e-04
0.020000,-1.982947682e-04
0.030000,-1.986587393e-04
0.040000,-1.990222763e-04
0.050000,-1.993853741e-04
0.060000,-1.997480272e-04
0.070000,-2.001102304e-04
0.080000,-2.004719786e-04
0.090000,-2.008332664e-04
0.100000,-2.011940887e-04
0.110000,-2.015544401e-04
0.120000,-2.019143154e-04
0.130000,-2.022737093e-04
0.140000,-2.026326167e-04
0.150000,-2.029910322e-04
0.160000,-2.033489506e-04
0.170000,-2.037063668e-04
0.180000,-2.040632756e-04
0.190000,-2.044196724e-04
0.200000,-2.047755542e-04
0.210000,-2.051309236e-04
0.220000,-2.054857907e-04
0.230000,-2.058401694e-04
0.240000,-2.061940698e-04
0.250000,-2.065474852e-04
0.260000,-2.069003761e-04
0.270000,-2.072526666e-04
0.280000,-2.076042991e-04
0.290000,-2.079553287e-04
0.300000,-2.083059060e-04
0.310000,-2.086560795e-04
0.320000,-2.090056923e-04
0.330000,-2.093546476e-04
0.340000,-2.097030802e-04
0.350000,-2.100506142e-04
0.360000,-2.103950021e-04
0.370000,-2.107317099e-04
0.380000,-2.110554425e-04
0.390000,-2.113634205e-04
0.400000,-2.116603173e-04
0.410000,-2.119637958e-04
0.420000,-2.123054964e-04
0.430000,-2.127204185e-04
0.440000,-2.132246530e-04
0.450000,-2.137950852e-04
0.460000,-2.143731174e-04
0.470000,-2.149024700e-04
0.480000,-2.153776246e-04
0.490000,-2.158570864e-04
0.500000,-2.164180009e-04
0.510000,-2.170697406e-04
0.520000,-2.176608971e-04
0.530000,-2.178371899e-04
0.540000,-2.171537686e-04
0.550000,-2.153945649e-04
0.560000,-2.129393411e-04
0.570000,-2.108532299e-04
0.580000,-2.104778917e-04
0.590000,-2.126159794e-04
0.600000,-2.167460965e-04
0.610000,-2.209052287e-04
0.620000,-2.226006380e-04
0.630000,-2.203184022e-04
0.640000,-2.146418431e-04
0.650000,-2.083350459e-04
0.660000,-2.054093713e-04
0.670000,-2.094043226e-04
0.680000,-2.213297563e-04
0.690000,-2.384113979e-04
0.700000,-2.549566960e-04
0.710000,-2.653568624e-04
0.720000,-2.674253853e-04
0.730000,-2.636677897e-04
0.740000,-2.592852589e-04
0.750000,-2.580790602e-04
0.760000,-2.592952991e-04
0.770000,-2.579573681e-04
0.780000,-2.485452827e-04
0.790000,-2.296017313e-04
0.800000,-2.066560149e-04
0.810000,-1.918218859e-04
0.820000,-1.995686536e-04
0.830000,-2.397440353e-04
0.840000,-3.106843485e-04
0.850000,-3.962327942e-04
0.860000,-4.697514084e-04
0.870000,-5.044205571e-04
0.880000,-4.836130599e-04
0.890000,-4.046300310e-04
0.900000,-2.764161074e-04
0.910000,-1.170264365e-04
0.920000,4.856748095e-05
0.930000,1.945626710e-04
0.940000,3.018503623e-04
0.950000,3.591512650e-04
0.960000,3.597878868e-04
0.970000,3.046074507e-04
0.980000,2.094730780e-04
0.990000,1.024848325e-04
1.000000,8.684895997e-06
1.010000,-5.977342035e-05
1.020000,-9.735338427e-05
1.030000,-9.601708291e-05
1.040000,-4.789864995e-05
1.050000,4.617844490e-05
1.060000,1.745753797e-04
1.070000,3.163403553e-04
1.080000,4.389309940e-04
1.090000,5.010818741e-04
1.100000,4.745538878e-04
1.110000,3.729859530e-04
1.120000,2.565995519e-04
1.130000,2.056013159e-04
1.140000,2.893745737e-04
1.150000,5.448051619e-04
1.160000,9.450619087e-04
1.170000,1.370545898e-03
1.180000,1.647710098e-03
1.190000,1.666899677e-03
1.200000,1.463643598e-03
1.210000,1.162805587e-03
1.220000,8.582563698e-04
1.230000,5.639709087e-04
1.240000,2.351305000e-04
1.250000,-2.162934759e-04
1.260000,-8.838713930e-04
1.270000,-1.756104621e-03
1.280000,-2.632538833e-03
1.290000,-3.200215516e-03
1.300000,-3.220875776e-03
1.310000,-2.678345240e-03
1.320000,-1.830126169e-03
1.330000,-1.154193666e-03
1.340000,-1.141134761e-03
1.350000,-1.981452727e-03
1.360000,-3.376492119e-03
1.370000,-4.651840655e-03
1.380000,-5.106628871e-03
1.390000,-4.390475553e-03
1.400000,-2.711390667e-03
1.410000,-7.371671907e-04
1.420000,7.817947098e-04
1.430000,1.409020838e-03
1.440000,1.178099564e-03
1.450000,5.042803890e-04
1.460000,-2.828099503e-05
1.470000,2.047013578e-05
1.480000,6.098368227e-04
1.490000,1.151872490e-03
1.500000,9.128408807e-04
1.510000,-3.801261413e-04
1.520000,-2.229428649e-03
1.530000,-3.578507134e-03
1.540000,-3.351731260e-03
1.550000,-9.830480833e-04
1.560000,3.291499691e-03
1.570000,8.451560336e-03
1.580000,1.304097875e-02
1.590000,1.579124088e-02
1.600000,1.621419341e-02
1.610000,1.471578012e-02
1.620000,1.215091296e-02
1.630000,9.264472766e-03
1.640000,6.421247437e-03
1.650000,3.600371772e-03
1.660000,5.411506911e-04
1.670000,-2.936782199e-03
1.680000,-6.587927870e-03
1.690000,-9.715106054e-03
1.700000,-1.153658120e-02
1.710000,-1.162840442e-02
1.720000,-1.011996134e-02
1.730000,-7.568831665e-03
1.740000,-4.653740028e-03
1.750000,-1.903626901e-03
1.760000,4.270072271e-04
1.770000,2.343530394e-03
1.780000,3.905587542e-03
1.790000,4.865820738e-03
1.800000,4.528475932e-03
1.810000,2.109168300e-03
1.820000,-2.751895681e-03
1.830000,-9.818292272e-03
1.840000,-1.839838404e-02
1.850000,-2.757342487e-02
1.860000,-3.649234536e-02
1.870000,-4.458604719e-02
1.880000,-5.146434385e-02
1.890000,-5.671641748e-02
1.900000,-5.995299177e-02
1.910000,-6.086101433e-02
1.920000,-5.906989692e-02
1.930000,-5.432701500e-02
1.940000,-4.719121091e-02
1.950000,-3.936950000e-02
1.960000,-3.301762701e-02
1.970000,-2.963705293e-02
1.980000,-2.945153113e-02
1.990000,-3.131302334e-02
2.000000,-3.302352739e-02
2.010000,-3.227674794e-02
2.020000,-2.787170187e-02
2.030000,-2.016490078e-02
2.040000,-1.040924384e-02
2.050000,1.830386984e-04
2.060000,1.086756599e-02
2.070000,2.136022590e-02
2.080000,3.166021671e-02
2.090000,4.161199893e-02
2.100000,5.023286951e-02
2.110000,5.536993682e-02
2.120000,5.437053237e-02
2.130000,4.577090791e-02
2.140000,3.093261112e-02
2.150000,1.417662019e-02
2.160000,1.077729722e-03
2.170000,-3.873149835e-03
2.180000,1.079057666e-03
2.190000,1.431392459e-02
2.200000,3.131952501e-02
2.210000,4.670613146e-02
2.220000,5.714139378e-02
2.230000,6.304958884e-02
2.240000,6.752087575e-02
2.250000,7.343658820e-02
2.260000,8.121782254e-02
2.270000,8.853843666e-02
2.280000,9.162908519e-02
2.290000,8.717159594e-02
2.300000,7.405267166e-02
2.310000,5.447398478e-02
2.320000,3.375478244e-02
2.330000,1.820158292e-02
2.340000,1.155836246e-02
2.350000,1.232983945e-02
2.360000,1.444735009e-02
2.370000,1.119543897e-02
2.380000,-5.425935863e-04
2.390000,-1.865466062e-02
2.400000,-3.724853923e-02
2.410000,-4.968534872e-02
2.420000,-5.155163252e-02
2.430000,-4.254466888e-02
2.440000,-2.672187098e-02
2.450000,-1.089785944e-02
2.460000,-1.527525401e-03
2.470000,-1.490129633e-03
2.480000,-8.950837392e-03
2.490000,-1.928134324e-02
2.500000,-2.843519875e-02
2.510000,-3.512265456e-02
2.520000,-4.057832579e-02
2.530000,-4.660864214e-02
2.540000,-5.346797170e-02
2.550000,-5.894478743e-02
2.560000,-5.900040531e-02
2.570000,-4.944121379e-02
2.580000,-2.826866464e-02
2.590000,2.088217561e-03
2.600000,3.483729025e-02
2.610000,6.215915297e-02
2.620000,7.905887592e-02
2.630000,8.467164368e-02
2.640000,8.156781548e-02
2.650000,7.450720336e-02
2.660000,6.817202227e-02
2.670000,6.459236014e-02
2.680000,6.310959893e-02
2.690000,6.289178140e-02
2.700000,6.454986490e-02
2.710000,6.958689406e-02
2.720000,7.946166263e-02
2.730000,9.474972484e-02
2.740000,1.137648479e-01
2.750000,1.318703071e-01
2.760000,1.428798347e-01
2.770000,1.415578372e-01
2.780000,1.256424389e-01
2.790000,9.688458169e-02
2.800000,6.062587368e-02
2.810000,2.370538781e-02
2.820000,-8.177225748e-03
2.830000,-3.235563938e-02
2.840000,-4.979947311e-02
2.850000,-6.373601213e-02
2.860000,-7.642320746e-02
2.870000,-8.678659672e-02
2.880000,-9.161149897e-02
2.890000,-8.885377610e-02
2.900000,-7.921049054e-02
2.910000,-6.507267580e-02
2.920000,-4.953923882e-02
2.930000,-3.686520145e-02
2.940000,-3.216960285e-02
2.950000,-3.872878134e-02
2.960000,-5.526247828e-02
2.970000,-7.648155786e-02
2.980000,-9.613963949e-02
2.990000,-1.093651937e-01
3.000000,-1.133852354e-01
3.010000,-1.080097371e-01
3.020000,-9.617691521e-02
3.030000,-8.350957435e-02
3.040000,-7.634526138e-02
3.050000,-7.876614559e-02
3.060000,-9.020966544e-02
3.070000,-1.057608007e-01
3.080000,-1.193885603e-01
3.090000,-1.275227593e-01
3.100000,-1.304929854e-01
3.110000,-1.318743038e-01
3.120000,-1.364501115e-01
3.130000,-1.466646895e-01
3.140000,-1.587993482e-01
3.150000,-1.623745446e-01
3.160000,-1.447022533e-01
3.170000,-9.795163318e-02
3.180000,-2.442217364e-02
3.190000,6.210204192e-02
3.200000,1.398448624e-01
3.210000,1.881756607e-01
3.220000,1.989436720e-01
3.230000,1.811560033e-01
3.240000,1.540567333e-01
3.250000,1.350302295e-01
3.260000,1.321228895e-01
3.270000,1.428500235e-01
3.280000,1.557558487e-01
3.290000,1.550327496e-01
3.300000,1.298802900e-01
3.310000,8.366208889e-02
3.320000,3.419461807e-02
3.330000,3.217488592e-03
3.340000,2.449357054e-03
3.350000,2.572432046e-02
3.360000,5.179908331e-02
3.370000,5.613667260e-02
3.380000,2.519386204e-02
3.390000,-3.530742541e-02
3.400000,-1.034206131e-01
3.410000,-1.528520363e-01
3.420000,-1.660548694e-01
3.430000,-1.426516901e-01
3.440000,-1.004767514e-01
3.450000,-6.741465275e-02
3.460000,-6.611522929e-02
3.470000,-1.008258425e-01
3.480000,-1.556816317e-01
3.490000,-2.046202487e-01
3.500000,-2.257502680e-01
3.510000,-2.126174053e-01
3.520000,-1.766823283e-01
3.530000,-1.392623365e-01
3.540000,-1.183601057e-01
3.550000,-1.190425909e-01
3.560000,-1.315853136e-01
3.570000,-1.369260286e-01
3.580000,-1.175289891e-01
3.590000,-6.881270247e-02
3.600000,-3.655319431e-03
3.610000,5.365872747e-02
3.620000,8.062053822e-02
3.630000,6.958652384e-02
3.640000,3.294492936e-02
3.650000,-4.135443028e-03
3.660000,-1.876666478e-02
3.670000,-2.007702733e-03
3.680000,3.918271889e-02
3.690000,8.715962190e-02
3.700000,1.219597098e-01
3.710000,1.307850911e-01
3.720000,1.146542577e-01
3.730000,8.734835895e-02
3.740000,6.689036343e-02
3.750000,6.517102353e-02
3.760000,8.170606927e-02
3.770000,1.050134573e-01
3.780000,1.212298321e-01
3.790000,1.244043069e-01
3.800000,1.209630206e-01
3.810000,1.254924442e-01
3.820000,1.512507606e-01
3.830000,2.010153750e-01
3.840000,2.632067591e-01
3.850000,3.163265825e-01
3.860000,3.399141245e-01
3.870000,3.249957146e-01
3.880000,2.777611829e-01
3.890000,2.158373167e-01
3.900000,1.597920853e-01
3.910000,1.230394422e-01
3.920000,1.053625229e-01
3.930000,9.532661657e-02
3.940000,7.999810836e-02
3.950000,5.375849943e-02
3.960000,2.061731778e-02
3.970000,-8.994160295e-03
3.980000,-2.454831012e-02
3.990000,-2.309472137e-02
4.000000,-1.372222153e-02
4.010000,-1.357077095e-02
4.020000,-3.690214875e-02
4.030000,-8.554087864e-02
4.040000,-1.471071586e-01
4.050000,-2.005500422e-01
4.060000,-2.252015989e-01
4.070000,-2.101508029e-01
4.080000,-1.600647308e-01
4.090000,-9.277599456e-02
4.100000,-2.865025240e-02
4.110000,2.056835194e-02
4.120000,5.511460459e-02
4.130000,8.231622029e-02
4.140000,1.091696380e-01
4.150000,1.371213730e-01
4.160000,1.608459774e-01
4.170000,1.712067824e-01
4.180000,1.606367381e-01
4.190000,1.278805630e-01
4.200000,7.998181876e-02
4.210000,3.035514528e-02
4.220000,-7.198837708e-03
4.230000,-2.539068487e-02
4.240000,-2.649616204e-02
4.250000,-2.061089159e-02
4.260000,-2.123303811e-02
4.270000,-3.889266477e-02
4.280000,-7.463188987e-02
4.290000,-1.190866286e-01
4.300000,-1.593171004e-01
4.310000,-1.864814867e-01
4.320000,-1.977047508e-01
4.330000,-1.943169017e-01
4.340000,-1.808970771e-01
4.350000,-1.642428587e-01
4.360000,-1.504215492e-01
4.370000,-1.420748335e-01
4.380000,-1.382173634e-01
4.390000,-1.352471150e-01
4.400000,-1.280871342e-01
4.410000,-1.133879760e-01
4.420000,-9.472348899e-02
4.430000,-8.342650471e-02
4.440000,-9.014579784e-02
4.450000,-1.144220827e-01
4.460000,-1.447710368e-01
4.470000,-1.682409704e-01
4.480000,-1.762147060e-01
4.490000,-1.628965816e-01
4.500000,-1.264496843e-01
4.510000,-7.491366589e-02
4.520000,-2.528170664e-02
4.530000,8.242788382e-03
4.540000,2.387803000e-02
4.550000,2.918616565e-02
4.560000,3.147197263e-02
4.570000,3.349304490e-02
4.580000,3.596429910e-02
4.590000,3.914675950e-02
4.600000,4.004751439e-02
4.610000,3.196158274e-02
4.620000,1.176087676e-02
4.630000,-1.337913561e-02
4.640000,-3.150837090e-02
4.650000,-3.858321659e-02
4.660000,-4.172676190e-02
4.670000,-4.991536896e-02
4.680000,-6.552268013e-02
4.690000,-8.490499111e-02
4.700000,-1.021367028e-01
4.710000,-1.100526415e-01
4.720000,-1.016063443e-01
4.730000,-7.489203522e-02
4.740000,-3.741591683e-02
4.750000,-2.558609740e-03
4.760000,2.081249892e-02
4.770000,3.534519837e-02
4.780000,5.134875321e-02
4.790000,7.708554069e-02
4.800000,1.128836084e-01
4.810000,1.506026272e-01
4.820000,1.749160115e-01
4.830000,1.677960122e-01
4.840000,1.184638142e-01
4.850000,3.254378203e-02
4.860000,-6.862873085e-02
4.870000,-1.580997397e-01
4.880000,-2.146009012e-01
4.890000,-2.297388708e-01
4.900000,-2.103759420e-01
4.910000,-1.750011464e-01
4.920000,-1.433980153e-01
4.930000,-1.249211840e-01
4.940000,-1.144181962e-01
4.950000,-9.863494803e-02
4.960000,-6.637736861e-02
4.970000,-1.470853050e-02
4.980000,5.002520088e-02
4.990000,1.143490699e-01
5.000000,1.628677512e-01
5.010000,1.858532191e-01
5.020000,1.850471791e-01
5.030000,1.733979495e-01
5.040000,1.684025015e-01
5.050000,1.827803028e-01
5.060000,2.183482277e-01
5.070000,2.669204998e-01
5.080000,3.157722720e-01
5.090000,3.523347415e-01
5.100000,3.673743293e-01
5.110000,3.588080427e-01
5.120000,3.340285602e-01
5.130000,3.065511336e-01
5.140000,2.882864095e-01
5.150000,2.832091701e-01
5.160000,2.863955289e-01
5.170000,2.882982807e-01
5.180000,2.803342639e-01
5.190000,2.572103835e-01
5.200000,2.170705465e-01
5.210000,1.640815168e-01
5.220000,1.107220614e-01
5.230000,7.191506550e-02
5.240000,5.369264626e-02
5.250000,4.882862975e-02
5.260000,4.318074292e-02
5.270000,2.446380005e-02
5.280000,-1.270435848e-02
5.290000,-6.538686257e-02
5.300000,-1.243575618e-01
5.310000,-1.788121983e-01
5.320000,-2.209420059e-01
5.330000,-2.494384278e-01
5.340000,-2.712404426e-01
5.350000,-2.974680940e-01
5.360000,-3.337980883e-01
5.370000,-3.747048607e-01
5.380000,-4.075101941e-01
5.390000,-4.202623733e-01
5.400000,-4.066674485e-01
5.410000,-3.684210833e-01
5.420000,-3.153107719e-01
5.430000,-2.610106885e-01
5.440000,-2.165437112e-01
5.450000,-1.863916332e-01
5.460000,-1.686384449e-01
5.470000,-1.575247169e-01
5.480000,-1.470288438e-01
5.490000,-1.336572655e-01
5.500000,-1.167620100e-01
5.510000,-9.677275747e-02
5.520000,-7.262481450e-02
5.530000,-4.005701308e-02
5.540000,6.330646349e-03
5.550000,6.725332140e-02
5.560000,1.352803763e-01
5.570000,1.985135634e-01
5.580000,2.472249243e-01
5.590000,2.767211974e-01
5.600000,2.867053495e-01
5.610000,2.811253424e-01
5.620000,2.680400804e-01
5.630000,2.565458618e-01
5.640000,2.525520451e-01
5.650000,2.584178252e-01
5.660000,2.763392658e-01
5.670000,3.095207047e-01
5.680000,3.583608807e-01
5.690000,4.162377490e-01
5.700000,4.695451008e-01
5.710000,5.009494699e-01
5.720000,4.936141048e-01
5.730000,4.372066056e-01
5.740000,3.352585958e-01
5.750000,2.080124683e-01
5.760000,8.481841690e-02
5.770000,-1.086764597e-02
5.780000,-7.228664012e-02
5.790000,-1.080015250e-01
5.800000,-1.326098250e-01
5.810000,-1.583215711e-01
5.820000,-1.893899587e-01
5.830000,-2.183575863e-01
5.840000,-2.284389465e-01
5.850000,-2.053917931e-01
5.860000,-1.514920932e-01
5.870000,-8.960503231e-02
5.880000,-5.297072296e-02
5.890000,-6.631727003e-02
5.900000,-1.300485207e-01
5.910000,-2.188316953e-01
5.920000,-2.953349710e-01
5.930000,-3.281112101e-01
5.940000,-3.039763536e-01
5.950000,-2.333000737e-01
5.960000,-1.468541653e-01
5.970000,-8.175157000e-02
5.980000,-6.223899807e-02
5.990000,-8.786989119e-02
6.000000,-1.356568109e-01
6.010000,-1.731577448e-01
6.020000,-1.753892626e-01
6.030000,-1.372129899e-01
6.040000,-7.414073111e-02
6.050000,-1.148862433e-02
6.060000,3.046331035e-02
6.070000,4.626958211e-02
6.080000,4.558668654e-02
6.090000,4.570357754e-02
6.100000,6.178932722e-02
6.110000,9.891331912e-02
6.120000,1.477252537e-01
6.130000,1.870132490e-01
6.140000,1.951672203e-01
6.150000,1.641142040e-01
6.160000,1.040017184e-01
6.170000,3.515552426e-02
6.180000,-2.332744290e-02
6.190000,-5.818333293e-02
6.200000,-6.115322608e-02
6.210000,-3.094885485e-02
6.220000,2.214629605e-02
6.230000,7.889790550e-02
6.240000,1.229136752e-01
6.250000,1.485623185e-01
6.260000,1.562947305e-01
6.270000,1.449183201e-01
6.280000,1.122745648e-01
6.290000,6.040219240e-02
6.300000,-3.611252655e-03
6.310000,-7.029627624e-02
6.320000,-1.301205701e-01
6.330000,-1.768677235e-01
6.340000,-2.118633243e-01
6.350000,-2.432086545e-01
6.360000,-2.782830170e-01
6.370000,-3.167839443e-01
6.380000,-3.509724164e-01
6.390000,-3.710702997e-01
6.400000,-3.698100076e-01
6.410000,-3.444368575e-01
6.420000,-2.985060846e-01
6.430000,-2.433466079e-01
6.440000,-1.950946387e-01
6.450000,-1.660328478e-01
6.460000,-1.562868774e-01
6.470000,-1.531636155e-01
6.480000,-1.384609324e-01
6.490000,-9.838134567e-02
6.500000,-3.139698928e-02
6.510000,4.884714435e-02
6.520000,1.186204327e-01
6.530000,1.567838383e-01
6.540000,1.571528512e-01
6.550000,1.310689117e-01
6.560000,9.940534966e-02
6.570000,8.137461267e-02
6.580000,8.608508294e-02
6.590000,1.084554582e-01
6.600000,1.314256980e-01
6.610000,1.358430257e-01
6.620000,1.126984670e-01
6.630000,6.788053634e-02
6.640000,1.590946211e-02
6.650000,-3.019257468e-02
6.660000,-6.355901615e-02
6.670000,-8.161866996e-02
6.680000,-8.397990001e-02
6.690000,-7.298640914e-02
6.700000,-5.270860739e-02
6.710000,-2.464231179e-02
6.720000,1.344329158e-02
6.730000,6.165875772e-02
6.740000,1.124292851e-01
6.750000,1.531612889e-01
6.760000,1.743016509e-01
6.770000,1.752109290e-01
6.780000,1.647842659e-01
6.790000,1.565326685e-01
6.800000,1.592589606e-01
6.810000,1.698561607e-01
6.820000,1.758303516e-01
6.830000,1.656243381e-01
6.840000,1.370128161e-01
6.850000,9.814834920e-02
6.860000,6.339159971e-02
6.870000,4.677247943e-02
6.880000,5.427151780e-02
6.890000,7.844107282e-02
6.900000,1.008611065e-01
6.910000,1.030424193e-01
6.920000,7.835924678e-02
6.930000,3.638013630e-02
6.940000,-2.065984986e-03
6.950000,-1.506185902e-02
6.960000,9.094585358e-03
6.970000,6.422645329e-02
6.980000,1.285736637e-01
6.990000,1.773790677e-01
7.000000,1.960546356e-01
7.010000,1.847431572e-01
7.020000,1.550751424e-01
7.030000,1.238481970e-01
7.040000,1.050993680e-01
7.050000,1.029611269e-01
7.060000,1.109142002e-01
7.070000,1.188136674e-01
7.080000,1.216370037e-01
7.090000,1.233073888e-01
7.100000,1.334560100e-01
7.110000,1.591173384e-01
7.120000,1.971074043e-01
7.130000,2.336536189e-01
7.140000,2.516282570e-01
7.150000,2.386802949e-01
7.160000,1.910829312e-01
7.170000,1.144442277e-01
7.180000,2.315212438e-02
7.190000,-6.361381713e-02
7.200000,-1.306074865e-01
7.210000,-1.742276365e-01
7.220000,-2.011748280e-01
7.230000,-2.191817293e-01
7.240000,-2.304179255e-01
7.250000,-2.333208816e-01
7.260000,-2.265209958e-01
7.270000,-2.087140603e-01
7.280000,-1.785913679e-01
7.290000,-1.389716540e-01
7.300000,-9.913876893e-02
7.310000,-6.948695432e-02
7.320000,-5.416923815e-02
7.330000,-5.036295045e-02
7.340000,-5.304617466e-02
7.350000,-5.865364039e-02
7.360000,-6.569197800e-02
7.370000,-7.456295319e-02
7.380000,-8.725676179e-02
7.390000,-1.060490507e-01
7.400000,-1.320614670e-01
7.410000,-1.656251643e-01
7.420000,-2.076999669e-01
7.430000,-2.588084321e-01
7.440000,-3.148959532e-01
7.450000,-3.652696333e-01
7.460000,-3.964187468e-01
7.470000,-3.979311971e-01
7.480000,-3.655008899e-01
7.490000,-3.023936351e-01
7.500000,-2.215117907e-01
7.510000,-1.440373226e-01
7.520000,-9.128153572e-02
7.530000,-7.491946387e-02
7.540000,-9.295865131e-02
7.550000,-1.321323814e-01
7.560000,-1.737508681e-01
7.570000,-2.017399598e-01
7.580000,-2.104603315e-01
7.590000,-2.066932919e-01
7.600000,-2.031023474e-01
7.610000,-2.078770778e-01
7.620000,-2.177594399e-01
7.630000,-2.180150619e-01
7.640000,-1.894406575e-01
7.650000,-1.201877824e-01
7.660000,-1.602478956e-02
7.670000,9.924177482e-02
7.680000,1.947659612e-01
7.690000,2.471638521e-01
7.700000,2.498307600e-01
7.710000,2.145959329e-01
7.720000,1.661905225e-01
7.730000,1.303873247e-01
7.740000,1.209092475e-01
7.750000,1.334089661e-01
7.760000,1.499373457e-01
7.770000,1.504962288e-01
7.780000,1.262280937e-01
7.790000,8.720775345e-02
7.800000,5.719306476e-02
7.810000,5.686289661e-02
7.820000,8.945496672e-02
7.830000,1.398557229e-01
7.840000,1.837296649e-01
7.850000,1.986114706e-01
7.860000,1.744302232e-01
7.870000,1.202415614e-01
7.880000,6.025335002e-02
7.890000,1.970438475e-02
7.900000,1.135050058e-02
7.910000,3.044007356e-02
7.920000,5.800836173e-02
7.930000,7.129863500e-02
7.940000,5.812666865e-02
7.950000,2.496234216e-02
7.960000,-8.803708814e-03
7.970000,-2.408290973e-02
7.980000,-1.181115444e-02
7.990000,2.337029154e-02
8.000000,6.413419617e-02
8.010000,8.781679188e-02
8.020000,7.852126503e-02
8.030000,3.604800909e-02
8.040000,-2.407249156e-02
8.050000,-7.866910722e-02
8.060000,-1.093363351e-01
8.070000,-1.125559552e-01
8.080000,-9.985731216e-02
8.090000,-8.802346864e-02
8.100000,-8.813236831e-02
8.110000,-1.001196770e-01
8.120000,-1.132585127e-01
8.130000,-1.120045158e-01
8.140000,-8.512433921e-02
8.150000,-3.194902376e-02
8.160000,3.771413130e-02
8.170000,1.072476008e-01
8.180000,1.591275790e-01
8.190000,1.837786050e-01
8.200000,1.855189878e-01
8.210000,1.780019978e-01
8.220000,1.733874499e-01
8.230000,1.761720501e-01
8.240000,1.837981067e-01
8.250000,1.895633430e-01
8.260000,1.871823076e-01
8.270000,1.764333980e-01
8.280000,1.643121277e-01
8.290000,1.595498926e-01
8.300000,1.662108541e-01
8.310000,1.808121225e-01
8.320000,1.927606210e-01
8.330000,1.893539453e-01
8.340000,1.653662676e-01
8.350000,1.290394783e-01
8.360000,9.645349579e-02
8.370000,7.929707025e-02
8.380000,7.785490743e-02
8.390000,8.254307132e-02
8.400000,7.911183696e-02
8.410000,5.486044608e-02
8.420000,5.986906006e-03
8.430000,-5.766449815e-02
8.440000,-1.164489681e-01
8.450000,-1.529289580e-01
8.460000,-1.631632570e-01
8.470000,-1.582849142e-01
8.480000,-1.557248797e-01
8.490000,-1.670180277e-01
8.500000,-1.896543386e-01
8.510000,-2.068904203e-01
8.520000,-1.962853910e-01
8.530000,-1.437594511e-01
8.540000,-5.484194194e-02
8.550000,4.532787927e-02
8.560000,1.237209905e-01
8.570000,1.551344503e-01
8.580000,1.335491555e-01
8.590000,7.476168108e-02
8.600000,8.861168553e-03
8.610000,-3.542917671e-02
8.620000,-4.638545301e-02
8.630000,-3.385499708e-02
8.640000,-1.891178441e-02
8.650000,-1.715423488e-02
8.660000,-2.881552691e-02
8.670000,-4.100301715e-02
8.680000,-3.714602526e-02
8.690000,-6.783035023e-03
8.700000,4.755223811e-02
8.710000,1.086832631e-01
8.720000,1.512962867e-01
8.730000,1.551211703e-01
8.740000,1.166593130e-01
8.750000,5.124221689e-02
8.760000,-1.552475061e-02
8.770000,-6.074186367e-02
8.780000,-7.375163963e-02
8.790000,-5.781719544e-02
8.800000,-2.479735656e-02
8.810000,1.299302064e-02
8.820000,4.914979495e-02
8.830000,8.425841294e-02
8.840000,1.212196657e-01
8.850000,1.592907750e-01
8.860000,1.924376682e-01
8.870000,2.122686416e-01
8.880000,2.119704775e-01
8.890000,1.898928080e-01
8.900000,1.521366604e-01
8.910000,1.105896835e-01
8.920000,7.578124659e-02
8.930000,5.123789166e-02
8.940000,3.412311158e-02
8.950000,1.841123939e-02
8.960000,-2.862539866e-03
8.970000,-3.401688995e-02
8.980000,-7.278339469e-02
8.990000,-1.123542065e-01
9.000000,-1.489857831e-01
9.010000,-1.858807189e-01
9.020000,-2.291494170e-01
9.030000,-2.816323540e-01
9.040000,-3.399012880e-01
9.050000,-3.941941083e-01
9.060000,-4.306981050e-01
9.070000,-4.367310552e-01
9.080000,-4.069359674e-01
9.090000,-3.467606075e-01
9.100000,-2.711662730e-01
9.110000,-1.990239247e-01
9.120000,-1.455415871e-01
9.130000,-1.163030689e-01
9.140000,-1.059655186e-01
9.150000,-1.024967925e-01
9.160000,-9.505892835e-02
9.170000,-8.070872260e-02
9.180000,-6.484496501e-02
9.190000,-5.543137023e-02
9.200000,-5.652189902e-02
9.210000,-6.574431865e-02
9.220000,-7.589703464e-02
9.230000,-7.898315154e-02
9.240000,-7.084102609e-02
9.250000,-5.368225809e-02
9.260000,-3.500766738e-02
9.270000,-2.420972797e-02
9.280000,-2.809227774e-02
9.290000,-4.553699909e-02
9.300000,-6.462912105e-02
9.310000,-6.741488739e-02
9.320000,-4.080552499e-02
9.330000,1.548210828e-02
9.340000,8.994907950e-02
9.350000,1.661939986e-01
9.360000,2.300214274e-01
9.370000,2.747212421e-01
9.380000,3.032707252e-01
9.390000,3.247914069e-01
9.400000,3.459751172e-01
9.410000,3.644401147e-01
9.420000,3.704403585e-01
9.430000,3.548241675e-01
9.440000,3.156059520e-01
9.450000,2.596773668e-01
9.460000,2.017165782e-01
9.470000,1.604910288e-01
9.480000,1.501663626e-01
9.490000,1.699925460e-01
9.500000,2.019371643e-01
9.510000,2.202281849e-01
9.520000,2.055343862e-01
9.530000,1.542071454e-01
9.540000,7.919435595e-02
9.550000,3.748926425e-03
9.560000,-4.976193790e-02
9.570000,-7.151978950e-02
9.580000,-6.989326342e-02
9.590000,-6.660720552e-02
9.600000,-8.350138333e-02
9.610000,-1.293762937e-01
9.620000,-1.954763864e-01
9.630000,-2.611347945e-01
9.640000,-3.048544218e-01
9.650000,-3.155643786e-01
9.660000,-2.992445848e-01
9.670000,-2.759280805e-01
9.680000,-2.673141602e-01
9.690000,-2.835804527e-01
9.700000,-3.182149396e-01
9.710000,-3.519369072e-01
9.720000,-3.620353076e-01
9.730000,-3.335068403e-01
9.740000,-2.674878487e-01
9.750000,-1.821881611e-01
9.760000,-1.053296386e-01
9.770000,-6.134434501e-02
9.780000,-5.875012103e-02
9.790000,-8.474752396e-02
9.800000,-1.121108453e-01
9.810000,-1.149006672e-01
9.820000,-8.211958917e-02
9.830000,-2.094241975e-02
9.840000,5.010427844e-02
9.850000,1.117193377e-01
9.860000,1.518343483e-01
9.870000,1.685976363e-01
9.880000,1.695570500e-01
9.890000,1.679297581e-01
9.900000,1.751801270e-01
9.910000,1.923187322e-01
9.920000,2.072601001e-01
9.930000,2.024146338e-01
9.940000,1.668216359e-01
9.950000,1.032672535e-01
9.960000,2.707701227e-02
9.970000,-4.012297870e-02
9.980000,-7.830550394e-02
9.990000,-7.710161614e-02
10.000000,-4.119447636e-02
10.010000,1.122316973e-02
10.020000,5.777111188e-02
10.030000,8.333974043e-02
10.040000,8.558944421e-02
10.050000,7.164669341e-02
10.060000,5.082639385e-02
10.070000,2.956802589e-02
10.080000,9.619373935e-03
10.090000,-1.233400223e-02
10.100000,-4.294169754e-02
10.110000,-8.746094509e-02
10.120000,-1.452454183e-01
10.130000,-2.090786832e-01
10.140000,-2.675117328e-01
10.150000,-3.084306962e-01
10.160000,-3.241415668e-01
10.170000,-3.155866757e-01
10.180000,-2.906244326e-01
10.190000,-2.575348175e-01
10.200000,-2.215062566e-01
10.210000,-1.866468823e-01
10.220000,-1.575895433e-01
10.230000,-1.370188100e-01
10.240000,-1.230103239e-01
10.250000,-1.102244792e-01
10.260000,-9.331781068e-02
10.270000,-6.879389052e-02
10.280000,-3.469538748e-02
10.290000,9.449736388e-03
10.300000,6.142365480e-02
10.310000,1.162692174e-01
10.320000,1.691331651e-01
10.330000,2.183754349e-01
10.340000,2.656159165e-01
10.350000,3.133324022e-01
10.360000,3.622428599e-01
10.370000,4.090740505e-01
10.380000,4.457664715e-01
10.390000,4.624015576e-01
10.400000,4.531558989e-01
10.410000,4.205107256e-01
10.420000,3.741867301e-01
10.430000,3.263987372e-01
10.440000,2.876237611e-01
10.450000,2.647468453e-01
10.460000,2.600416490e-01
10.470000,2.701853824e-01
10.480000,2.878951228e-01
10.490000,3.072223394e-01
10.500000,3.273039904e-01
10.510000,3.494186793e-01
10.520000,3.709815996e-01
10.530000,3.844932801e-01
10.540000,3.824311783e-01
10.550000,3.616744131e-01
10.560000,3.235330843e-01
10.570000,2.720670468e-01
10.580000,2.138168449e-01
10.590000,1.571556677e-01
10.600000,1.083968341e-01
10.610000,6.737086389e-02
10.620000,2.843816847e-02
10.630000,-1.307235762e-02
10.640000,-5.607198033e-02
10.650000,-9.496848278e-02
10.660000,-1.239317946e-01
10.670000,-1.401973754e-01
10.680000,-1.459969013e-01
10.690000,-1.486516334e-01
10.700000,-1.571338963e-01
10.710000,-1.765485602e-01
10.720000,-2.050556915e-01
10.730000,-2.351932394e-01
10.740000,-2.577300337e-01
10.750000,-2.662221243e-01
10.760000,-2.610829504e-01
10.770000,-2.502944320e-01
10.780000,-2.445543352e-01
10.790000,-2.501069449e-01
10.800000,-2.655688119e-01
10.810000,-2.843735652e-01
10.820000,-2.988003568e-01
10.830000,-3.027949179e-01
10.840000,-2.944799367e-01
10.850000,-2.777958324e-01
10.860000,-2.600789291e-01
10.870000,-2.460249635e-01
10.880000,-2.338897914e-01
10.890000,-2.176651983e-01
10.900000,-1.920814494e-01
10.910000,-1.557609989e-01
10.920000,-1.120544273e-01
10.930000,-6.867682763e-02
10.940000,-3.494396507e-02
10.950000,-1.630054592e-02
10.960000,-1.048724619e-02
10.970000,-9.520248814e-03
10.980000,-5.144168311e-03
10.990000,7.400120254e-03
11.000000,2.797829767e-02
11.010000,5.092803486e-02
11.020000,6.703070587e-02
11.030000,6.952948324e-02
11.040000,5.906289769e-02
11.050000,4.171322603e-02
11.060000,2.307193260e-02
11.070000,5.604666534e-03
11.080000,-9.954679556e-03
11.090000,-2.382168479e-02
11.100000,-3.751180569e-02
11.110000,-5.186890070e-02
11.120000,-6.377596294e-02
11.130000,-6.685602617e-02
11.140000,-5.661986289e-02
11.150000,-3.419734257e-02
11.160000,-5.462912498e-03
11.170000,2.149609720e-02
11.180000,3.838604018e-02
11.190000,3.976726708e-02
11.200000,2.658569505e-02
11.210000,5.858154913e-03
11.220000,-1.434397299e-02
11.230000,-2.941660568e-02
11.240000,-3.837401084e-02
11.250000,-4.199697705e-02
11.260000,-4.257431147e-02
11.270000,-4.428233726e-02
11.280000,-5.133260309e-02
11.290000,-6.507422916e-02
11.300000,-8.409564456e-02
11.310000,-1.071784716e-01
11.320000,-1.341690223e-01
11.330000,-1.632394094e-01
11.340000,-1.893233339e-01
11.350000,-2.066821004e-01
11.360000,-2.120461046e-01
11.370000,-2.048568998e-01
11.380000,-1.859908161e-01
11.390000,-1.569410590e-01
11.400000,-1.192741340e-01
11.410000,-7.462443602e-02
11.420000,-2.572013027e-02
11.430000,2.306409725e-02
11.440000,6.675258573e-02
11.450000,1.010108347e-01
11.460000,1.228330416e-01
11.470000,1.317773417e-01
11.480000,1.310713566e-01
11.490000,1.263826108e-01
11.500000,1.229881648e-01
11.510000,1.241655396e-01
11.520000,1.310450641e-01
11.530000,1.424832078e-01
11.540000,1.556563090e-01
11.550000,1.684701029e-01
11.560000,1.815642615e-01
11.570000,1.968390291e-01
11.580000,2.136884451e-01
11.590000,2.274071394e-01
11.600000,2.317244803e-01
11.610000,2.228210963e-01
11.620000,2.014401763e-01
11.630000,1.725120607e-01
11.640000,1.434447415e-01
11.650000,1.215322364e-01
11.660000,1.106215362e-01
11.670000,1.086068426e-01
11.680000,1.081739597e-01
11.690000,1.013332280e-01
11.700000,8.489754212e-02
11.710000,6.267185480e-02
11.720000,4.262047374e-02
11.730000,3.140981376e-02
11.740000,3.035325091e-02
11.750000,3.487597637e-02
11.760000,3.697962212e-02
11.770000,2.923416880e-02
11.780000,8.938209958e-03
11.790000,-1.938016789e-02
11.800000,-4.545699533e-02
11.810000,-5.918395139e-02
11.820000,-5.716333676e-02
11.830000,-4.476627110e-02
11.840000,-3.258053754e-02
11.850000,-3.071177042e-02
11.860000,-4.427976578e-02
11.870000,-7.116499702e-02
11.880000,-1.026569815e-01
11.890000,-1.273803574e-01
11.900000,-1.367450962e-01
11.910000,-1.287496949e-01
11.920000,-1.079977068e-01
11.930000,-8.195472908e-02
11.940000,-5.597490574e-02
11.950000,-3.095894847e-02
11.960000,-5.026149448e-03
11.970000,2.346923132e-02
11.980000,5.438401362e-02
11.990000,8.567346706e-02
12.000000,1.139893815e-01
12.010000,1.360490560e-01
12.020000,1.501322526e-01
12.030000,1.566281141e-01
12.040000,1.577264884e-01
12.050000,1.566113409e-01
12.060000,1.560248340e-01
12.070000,1.571106874e-01
12.080000,1.598811421e-01
12.090000,1.644509519e-01
12.100000,1.710207764e-01
12.110000,1.785703227e-01
12.120000,1.838367312e-01
12.130000,1.817897871e-01
12.140000,1.680382012e-01
12.150000,1.420740487e-01
12.160000,1.086017339e-01
12.170000,7.560525777e-02
12.180000,5.089942939e-02
12.190000,3.906045726e-02
12.200000,3.925096975e-02
12.210000,4.501246198e-02
12.220000,4.699482505e-02
12.230000,3.714641149e-02
12.240000,1.215094189e-02
12.250000,-2.480306862e-02
12.260000,-6.515700995e-02
12.270000,-9.976656644e-02
12.280000,-1.240375290e-01
12.290000,-1.389832160e-01
12.300000,-1.488965458e-01
12.310000,-1.590595707e-01
12.320000,-1.735175909e-01
12.330000,-1.920516503e-01
12.340000,-2.092706877e-01
12.350000,-2.182558306e-01
12.360000,-2.155612055e-01
12.370000,-2.030387262e-01
12.380000,-1.864091946e-01
12.390000,-1.729710645e-01
12.400000,-1.691933232e-01
12.410000,-1.780160518e-01
12.420000,-1.970226731e-01
12.430000,-2.191658609e-01
12.440000,-2.359107174e-01
12.450000,-2.406433955e-01
12.460000,-2.305273325e-01
12.470000,-2.069098767e-01
12.480000,-1.748413257e-01
12.490000,-1.412242590e-01
12.500000,-1.117128324e-01
12.510000,-8.855561886e-02
12.520000,-7.114432907e-02
12.530000,-5.796481692e-02
12.540000,-4.762217417e-02
12.550000,-3.892599116e-02
12.560000,-3.144458249e-02
12.570000,-2.624924689e-02
12.580000,-2.516687351e-02
12.590000,-2.863099779e-02
12.600000,-3.449662004e-02
12.610000,-3.916681085e-02
12.620000,-3.953119174e-02
12.630000,-3.376906506e-02
12.640000,-2.115954772e-02
12.650000,-2.218511041e-03
12.660000,2.053974091e-02
12.670000,4.236959097e-02
12.680000,5.781285880e-02
12.690000,6.341921526e-02
12.700000,5.924290348e-02
12.710000,4.773356709e-02
12.720000,3.188962656e-02
12.730000,1.503138560e-02
12.740000,1.272116790e-03
12.750000,-5.783696559e-03
12.760000,-5.717137796e-03
12.770000,-2.204887767e-03
12.780000,-4.596887639e-04
12.790000,-3.219557262e-03
12.800000,-8.949368779e-03
12.810000,-1.357965203e-02
12.820000,-1.342079995e-02
12.830000,-6.589386514e-03
12.840000,6.655862374e-03
12.850000,2.328178315e-02
12.860000,3.766156154e-02
12.870000,4.430822527e-02
12.880000,4.169405992e-02
12.890000,3.370499424e-02
12.900000,2.740660972e-02
12.910000,2.888758243e-02
12.920000,3.998695076e-02
12.930000,5.769550454e-02
12.940000,7.597473624e-02
12.950000,8.841883636e-02
12.960000,9.077020736e-02
12.970000,8.302910965e-02
12.980000,7.006700529e-02
12.990000,5.934906197e-02
13.000000,5.663040080e-02
13.010000,6.279690663e-02
13.020000,7.407997189e-02
13.030000,8.482390398e-02
13.040000,9.040709586e-02
13.050000,8.888703950e-02
13.060000,8.142747346e-02
13.070000,7.177050766e-02
13.080000,6.457249525e-02
13.090000,6.289828156e-02
13.100000,6.637995576e-02
13.110000,7.164714562e-02
13.120000,7.480015545e-02
13.130000,7.375274129e-02
13.140000,6.874238732e-02
13.150000,6.160186468e-02
13.160000,5.506781885e-02
13.170000,5.181297365e-02
13.180000,5.260827809e-02
13.190000,5.502652743e-02
13.200000,5.445932612e-02
13.210000,4.675505140e-02
13.220000,3.039289178e-02
13.230000,7.192948004e-03
13.240000,-1.842896622e-02
13.250000,-4.124769866e-02
13.260000,-5.701640403e-02
13.270000,-6.359848928e-02
13.280000,-6.181509399e-02
13.290000,-5.557989866e-02
13.300000,-4.994395394e-02
13.310000,-4.785181789e-02
13.320000,-4.860964643e-02
13.330000,-4.910948171e-02
13.340000,-4.606431858e-02
13.350000,-3.788255389e-02
13.360000,-2.577903060e-02
13.370000,-1.331948751e-02
13.380000,-4.378222824e-03
13.390000,-1.206458353e-03
13.400000,-3.773631257e-03
13.410000,-9.909299257e-03
13.420000,-1.601101400e-02
13.430000,-1.870188308e-02
13.440000,-1.678798909e-02
13.450000,-1.202834112e-02
13.460000,-8.089520251e-03
13.470000,-8.316397954e-03
13.480000,-1.368372335e-02
13.490000,-2.233042401e-02
13.500000,-3.082856674e-02
13.510000,-3.579825120e-02
13.520000,-3.482204356e-02
13.530000,-2.712904296e-02
13.540000,-1.446408068e-02
13.550000,-1.161483196e-03
13.560000,7.509394682e-03
13.570000,7.823052330e-03
13.580000,-9.363607840e-04
13.590000,-1.658332246e-02
13.600000,-3.485307737e-02
13.610000,-5.045841736e-02
13.620000,-5.872731728e-02
13.630000,-5.745358914e-02
13.640000,-4.760877491e-02
13.650000,-3.243434168e-02
13.660000,-1.587487509e-02
13.670000,-1.092806612e-03
13.680000,1.088823829e-02
13.690000,2.162292285e-02
13.700000,3.352726135e-02
13.710000,4.681172040e-02
13.720000,5.809131844e-02
13.730000,6.232898012e-02
13.740000,5.615149876e-02
13.750000,3.966284741e-02
13.760000,1.640642795e-02
13.770000,-7.366358536e-03
13.780000,-2.425419213e-02
13.790000,-2.864728165e-02
13.800000,-1.954945521e-02
13.810000,-9.491987167e-04
13.820000,2.040630629e-02
13.830000,3.812082325e-02
13.840000,4.872446971e-02
13.850000,5.273966722e-02
13.860000,5.346237422e-02
13.870000,5.417358538e-02
13.880000,5.601589331e-02
13.890000,5.795024171e-02
13.900000,5.819816537e-02
13.910000,5.587506670e-02
13.920000,5.198920986e-02
13.930000,4.932787429e-02
13.940000,5.103803032e-02
13.950000,5.851659253e-02
13.960000,7.014987681e-02
13.970000,8.212897075e-02
13.980000,9.061685398e-02
13.990000,9.326735342e-02
14.000000,8.953254706e-02
14.010000,8.084357471e-02
14.020000,7.056133998e-02
14.030000,6.231555939e-02
14.040000,5.747106227e-02
14.050000,5.453116162e-02
14.060000,5.104839298e-02
14.070000,4.549557367e-02
14.080000,3.739130791e-02
14.090000,2.661307617e-02
14.100000,1.318994949e-02
14.110000,-2.396920121e-03
14.120000,-1.902781984e-02
14.130000,-3.524959286e-02
14.140000,-4.969862136e-02
14.150000,-6.094318275e-02
14.160000,-6.718036639e-02
14.170000,-6.708609134e-02
14.180000,-6.139978211e-02
14.190000,-5.297138193e-02
14.200000,-4.470288925e-02
14.210000,-3.775854956e-02
14.220000,-3.191984108e-02
14.230000,-2.708730815e-02
14.240000,-2.403081500e-02
14.250000,-2.401441185e-02
14.260000,-2.810834695e-02
14.270000,-3.667686480e-02
14.280000,-4.883349603e-02
14.290000,-6.186369775e-02
14.300000,-7.146229711e-02
14.310000,-7.347025381e-02
14.320000,-6.621070961e-02
14.330000,-5.162516513e-02
14.340000,-3.451072218e-02
14.350000,-2.055700513e-02
14.360000,-1.407229632e-02
14.370000,-1.615991376e-02
14.380000,-2.428265692e-02
14.390000,-3.370555606e-02
14.400000,-4.007136198e-02
14.410000,-4.155701927e-02
14.420000,-3.940555152e-02
14.430000,-3.670473244e-02
14.440000,-3.626564937e-02
14.450000,-3.878603052e-02
14.460000,-4.225535716e-02
14.470000,-4.300033702e-02
14.480000,-3.781247334e-02
14.490000,-2.582139436e-02
14.500000,-9.155908490e-03
14.510000,7.651211870e-03
14.520000,1.936728099e-02
14.530000,2.250966930e-02
14.540000,1.718600104e-02
14.550000,6.971890027e-03
14.560000,-2.834775518e-03
14.570000,-7.392926347e-03
14.580000,-4.458694385e-03
14.590000,4.125148004e-03
14.600000,1.302439071e-02
14.610000,1.632569210e-02
14.620000,1.072707181e-02
14.630000,-3.057387833e-03
14.640000,-2.091117176e-02
14.650000,-3.714862786e-02
14.660000,-4.685688196e-02
14.670000,-4.814665513e-02
14.680000,-4.346096342e-02
14.690000,-3.873063951e-02
14.700000,-3.993720761e-02
14.710000,-4.911072090e-02
14.720000,-6.303165763e-02
14.730000,-7.541356856e-02
14.740000,-8.035131370e-02
14.750000,-7.511050579e-02
14.760000,-6.170858190e-02
14.770000,-4.647140720e-02
14.780000,-3.702702767e-02
14.790000,-3.826466164e-02
14.800000,-4.968786362e-02
14.810000,-6.537921044e-02
14.820000,-7.669648690e-02
14.830000,-7.684708616e-02
14.840000,-6.477583627e-02
14.850000,-4.562595184e-02
14.860000,-2.767781595e-02
14.870000,-1.802677257e-02
14.880000,-1.919337154e-02
14.890000,-2.805109929e-02
14.900000,-3.775908723e-02
14.910000,-4.177274887e-02
14.920000,-3.741679133e-02
14.930000,-2.694495664e-02
14.940000,-1.584607838e-02
14.950000,-9.517220833e-03
14.960000,-1.005365442e-02
14.970000,-1.497512954e-02
14.980000,-1.869397221e-02
14.990000,-1.581188241e-02
15.000000,-4.305338149e-03
15.010000,1.316849531e-02
15.020000,3.063700295e-02
15.030000,4.209772329e-02
15.040000,4.464751653e-02
15.050000,3.965470171e-02
15.060000,3.178399651e-02
15.070000,2.666294626e-02
15.080000,2.799951201e-02
15.090000,3.547662139e-02
15.100000,4.515992313e-02
15.110000,5.242508063e-02
15.120000,5.496429125e-02
15.130000,5.376253385e-02
15.140000,5.227702662e-02
15.150000,5.474111828e-02
15.160000,6.380475498e-02
15.170000,7.842673918e-02
15.180000,9.397081207e-02
15.190000,1.048955041e-01
15.200000,1.077935211e-01
15.210000,1.025678166e-01
15.220000,9.180460394e-02
15.230000,7.951458354e-02
15.240000,6.960097688e-02
15.250000,6.397541300e-02
15.260000,6.129705263e-02
15.270000,5.790549193e-02
15.280000,5.076546398e-02
15.290000,3.992365641e-02
15.300000,2.842894999e-02
15.310000,2.034642612e-02
15.320000,1.869136097e-02
15.330000,2.408682637e-02
15.340000,3.430979813e-02
15.350000,4.511778336e-02
15.360000,5.213474241e-02
15.370000,5.266761480e-02
15.380000,4.673268560e-02
15.390000,3.721361203e-02
15.400000,2.868856945e-02
15.410000,2.478714793e-02
15.420000,2.585201571e-02
15.430000,2.920998798e-02
15.440000,3.173855255e-02
15.450000,3.200110778e-02
15.460000,3.033750305e-02
15.470000,2.791390923e-02
15.480000,2.609662309e-02
15.490000,2.599368120e-02
15.500000,2.763408274e-02
15.510000,2.940373124e-02
15.520000,2.871017242e-02
15.530000,2.366248866e-02
15.540000,1.451893187e-02
15.550000,3.842373360e-03
15.560000,-4.821756688e-03
15.570000,-8.915436864e-03
15.580000,-8.017060871e-03
15.590000,-3.396743923e-03
15.600000,3.155570139e-03
15.610000,9.958301022e-03
15.620000,1.557445404e-02
15.630000,1.918073047e-02
15.640000,2.091330062e-02
15.650000,2.147931480e-02
15.660000,2.140539081e-02
15.670000,2.081117926e-02
15.680000,1.962058496e-02
15.690000,1.763233336e-02
15.700000,1.458947244e-02
15.710000,1.050989901e-02
15.720000,5.771906643e-03
15.730000,6.525475925e-04
15.740000,-4.900961132e-03
15.750000,-1.071365846e-02
15.760000,-1.590663518e-02
15.770000,-1.945624218e-02
15.780000,-2.117904280e-02
15.790000,-2.187932697e-02
15.800000,-2.263893430e-02
15.810000,-2.423127601e-02
15.820000,-2.696229794e-02
15.830000,-3.047255124e-02
15.840000,-3.367641409e-02
15.850000,-3.557385738e-02
15.860000,-3.650801051e-02
15.870000,-3.834460464e-02
15.880000,-4.326853898e-02
15.890000,-5.260630090e-02
15.900000,-6.644275931e-02
15.910000,-8.335462028e-02
15.920000,-1.002295189e-01
15.930000,-1.132777638e-01
15.940000,-1.200964491e-01
15.950000,-1.208792371e-01
15.960000,-1.177629617e-01
15.970000,-1.133246846e-01
15.980000,-1.093372975e-01
15.990000,-1.059753660e-01
16.000000,-1.017921526e-01
16.010000,-9.489900753e-02
16.020000,-8.460848020e-02
16.030000,-7.208216201e-02
16.040000,-5.966163554e-02
16.050000,-4.979281933e-02
16.060000,-4.410963656e-02
16.070000,-4.258297987e-02
16.080000,-4.309688161e-02
16.090000,-4.225083903e-02
16.100000,-3.722098015e-02
16.110000,-2.730292491e-02
16.120000,-1.410763043e-02
16.130000,-6.675494498e-04
16.140000,9.863692286e-03
16.150000,1.557828498e-02
16.160000,1.675127192e-02
16.170000,1.554300563e-02
16.180000,1.448862356e-02
16.190000,1.507611944e-02
16.200000,1.747867203e-02
16.210000,2.099476187e-02
16.220000,2.432054271e-02
16.230000,2.589791959e-02
16.240000,2.492753039e-02
16.250000,2.232146404e-02
16.260000,2.030562071e-02
16.270000,2.094360776e-02
16.280000,2.510515906e-02
16.290000,3.239094442e-02
16.300000,4.130629272e-02
16.310000,4.956336020e-02
16.320000,5.503745598e-02
16.330000,5.693243764e-02
16.340000,5.597825311e-02
16.350000,5.356856029e-02
16.360000,5.084112962e-02
16.370000,4.823857121e-02
16.380000,4.536799265e-02
16.390000,4.114402466e-02
16.400000,3.437779940e-02
16.410000,2.459157958e-02
16.420000,1.253931389e-02
16.430000,4.269901125e-05
16.440000,-1.083287652e-02
16.450000,-1.870178386e-02
16.460000,-2.324469805e-02
16.470000,-2.504592905e-02
16.480000,-2.519525316e-02
16.490000,-2.462301976e-02
16.500000,-2.336065239e-02
16.510000,-2.065381199e-02
16.520000,-1.617433129e-02
16.530000,-1.090372007e-02
16.540000,-6.532471330e-03
16.550000,-4.280946422e-03
16.560000,-4.457867351e-03
16.570000,-6.485330995e-03
16.580000,-8.738623105e-03
16.590000,-8.809849397e-03
16.600000,-4.826639037e-03
16.610000,3.155460634e-03
16.620000,1.317416923e-02
16.630000,2.280093289e-02
16.640000,3.065107186e-02
16.650000,3.688108230e-02
16.660000,4.268316095e-02
16.670000,4.934866546e-02
16.680000,5.732005342e-02
16.690000,6.556490355e-02
16.700000,7.178889716e-02
16.710000,7.366240000e-02
16.720000,7.031383879e-02
16.730000,6.307675077e-02
16.740000,5.515419783e-02
16.750000,5.034297565e-02
16.760000,5.113939268e-02
16.770000,5.722710505e-02
16.780000,6.563999381e-02
16.790000,7.256133430e-02
16.800000,7.524213043e-02
16.810000,7.288315700e-02
16.820000,6.651448866e-02
16.830000,5.818266452e-02
16.840000,4.971448725e-02
16.850000,4.175122763e-02
16.860000,3.371451716e-02
16.870000,2.457055550e-02
16.880000,1.383793931e-02
16.890000,2.405135465e-03
16.900000,-7.395573362e-03
16.910000,-1.291741942e-02
16.920000,-1.292480560e-02
16.930000,-8.430047705e-03
16.940000,-1.990719446e-03
16.950000,3.596161412e-03
16.960000,6.108432923e-03
16.970000,4.301967245e-03
16.980000,-1.655696545e-03
16.990000,-1.019295928e-02
17.000000,-1.938000725e-02
17.010000,-2.823311725e-02
17.020000,-3.691518573e-02
17.030000,-4.588705729e-02
17.040000,-5.521367037e-02
17.050000,-6.448155685e-02
17.060000,-7.288635877e-02
17.070000,-7.939945697e-02
17.080000,-8.321056851e-02
17.090000,-8.412431025e-02
17.100000,-8.250816583e-02
17.110000,-7.899242340e-02
17.120000,-7.422441043e-02
17.130000,-6.862836099e-02
17.140000,-6.222908829e-02
17.150000,-5.479570336e-02
17.160000,-4.620087298e-02
17.170000,-3.659045090e-02
17.180000,-2.627445861e-02
17.190000,-1.560903423e-02
17.200000,-5.043588785e-03
17.210000,4.786750148e-03
17.220000,1.316326853e-02
17.230000,1.958902427e-02
17.240000,2.395296786e-02
17.250000,2.636214173e-02
17.260000,2.701412941e-02
17.270000,2.640587761e-02
17.280000,2.542578662e-02
17.290000,2.485127578e-02
17.300000,2.471795325e-02
17.310000,2.435962124e-02
17.320000,2.305516938e-02
17.330000,2.055573544e-02
17.340000,1.716007282e-02
17.350000,1.357358615e-02
17.360000,1.072416337e-02
17.370000,9.445031128e-03
17.380000,1.004719508e-02
17.390000,1.206299214e-02
17.400000,1.437090439e-02
17.410000,1.559960351e-02
17.420000,1.459605655e-02
17.430000,1.085263015e-02
17.440000,4.768195596e-03
17.450000,-2.500124863e-03
17.460000,-9.651941902e-03
17.470000,-1.595114259e-02
17.480000,-2.151648296e-02
17.490000,-2.701328666e-02
17.500000,-3.297942273e-02
17.510000,-3.921958631e-02
17.520000,-4.465929924e-02
17.530000,-4.777736645e-02
17.540000,-4.734297934e-02
17.550000,-4.300124107e-02
17.560000,-3.548739804e-02
17.570000,-2.656645410e-02
17.580000,-1.868696202e-02
17.590000,-1.409233196e-02
17.600000,-1.358594437e-02
17.610000,-1.599047602e-02
17.620000,-1.905098504e-02
17.630000,-2.100179433e-02
17.640000,-2.136521649e-02
17.650000,-2.073599381e-02
17.660000,-2.033932745e-02
17.670000,-2.156808786e-02
17.680000,-2.508437255e-02
17.690000,-2.987486387e-02
17.700000,-3.339974482e-02
17.710000,-3.301486414e-02
17.720000,-2.742014186e-02
17.730000,-1.703364143e-02
17.740000,-3.471528097e-03
17.750000,1.115917276e-02
17.760000,2.495923271e-02
17.770000,3.694843215e-02
17.780000,4.732281378e-02
17.790000,5.677187457e-02
17.800000,6.535967540e-02
17.810000,7.214254903e-02
17.820000,7.587394788e-02
17.830000,7.587494919e-02
17.840000,7.220369141e-02
17.850000,6.540187205e-02
17.860000,5.649751775e-02
17.870000,4.709347996e-02
17.880000,3.885591895e-02
17.890000,3.257880697e-02
17.900000,2.790564102e-02
17.910000,2.411483460e-02
17.920000,2.098143311e-02
17.930000,1.871261600e-02
17.940000,1.727433485e-02
17.950000,1.606975762e-02
17.960000,1.422738755e-02
17.970000,1.108332256e-02
17.980000,6.579376574e-03
17.990000,1.476328034e-03
18.000000,-2.887163712e-03
18.010000,-5.367378592e-03
18.020000,-5.744495193e-03
18.030000,-4.755395881e-03
18.040000,-3.583093634e-03
18.050000,-3.427393174e-03
18.060000,-5.230444125e-03
18.070000,-9.216649609e-03
18.080000,-1.453666940e-02
18.090000,-1.975202012e-02
18.100000,-2.395819119e-02
18.110000,-2.734868856e-02
18.120000,-3.070263956e-02
18.130000,-3.461058800e-02
18.140000,-3.919471500e-02
18.150000,-4.408548196e-02
18.160000,-4.833266022e-02
18.170000,-5.060926640e-02
18.180000,-4.994874564e-02
18.190000,-4.640022596e-02
18.200000,-4.090419710e-02
18.210000,-3.459414858e-02
18.220000,-2.824776649e-02
18.230000,-2.217041219e-02
18.240000,-1.632291627e-02
18.250000,-1.057616891e-02
18.260000,-5.030999395e-03
18.270000,-1.446722248e-04
18.280000,3.498246587e-03
18.290000,5.534988702e-03
18.300000,5.996728295e-03
18.310000,5.265251015e-03
18.320000,3.868106740e-03
18.330000,2.205639727e-03
18.340000,4.478423985e-04
18.350000,-1.310071743e-03
18.360000,-2.891021085e-03
18.370000,-4.016686327e-03
18.380000,-4.255584342e-03
18.390000,-3.013613883e-03
18.400000,1.197518672e-04
18.410000,4.893180876e-03
18.420000,1.040511542e-02
18.430000,1.558737238e-02
18.440000,1.955525881e-02
18.450000,2.169438099e-02
18.460000,2.183588820e-02
18.470000,2.040930080e-02
18.480000,1.810719121e-02
18.490000,1.526406298e-02
18.500000,1.173698148e-02
18.510000,7.434286941e-03
18.520000,2.719607430e-03
18.530000,-1.809410562e-03
18.540000,-5.719010553e-03
18.550000,-8.808572407e-03
18.560000,-1.106332519e-02
18.570000,-1.274956912e-02
18.580000,-1.432562774e-02
18.590000,-1.599825789e-02
18.600000,-1.747985198e-02
18.610000,-1.830577515e-02
18.620000,-1.820979211e-02
18.630000,-1.713186812e-02
18.640000,-1.518299007e-02
18.650000,-1.275975233e-02
18.660000,-1.036917192e-02
18.670000,-8.105606073e-03
18.680000,-5.531664131e-03
18.690000,-2.282751766e-03
18.700000,1.375097136e-03
18.710000,4.685440512e-03
18.720000,6.853914376e-03
18.730000,7.272701195e-03
18.740000,5.691435676e-03
18.750000,2.553583925e-03
18.760000,-9.330066475e-04
18.770000,-3.363704516e-03
18.780000,-3.898464204e-03
18.790000,-2.554558095e-03
18.800000,2.067260927e-05
18.810000,2.983852987e-03
18.820000,5.771987575e-03
18.830000,8.439498101e-03
18.840000,1.151697345e-02
18.850000,1.537601071e-02
18.860000,1.967525299e-02
18.870000,2.347522205e-02
18.880000,2.593038142e-02
18.890000,2.688938434e-02
18.900000,2.691189030e-02
18.910000,2.687217551e-02
18.920000,2.759880273e-02
18.930000,2.961812551e-02
18.940000,3.281159237e-02
18.950000,3.620478931e-02
18.960000,3.839832327e-02
18.970000,3.852915098e-02
18.980000,3.688270506e-02
18.990000,3.455977581e-02
19.000000,3.258258966e-02
19.010000,3.121677428e-02
19.020000,2.987353452e-02
19.030000,2.753960684e-02
19.040000,2.353361860e-02
19.050000,1.817247543e-02
19.060000,1.281550862e-02
19.070000,9.180860340e-03
19.080000,8.429884333e-03
19.090000,1.056933354e-02
19.100000,1.439063060e-02
19.110000,1.800346159e-02
19.120000,1.983407569e-02
19.130000,1.950266519e-02
19.140000,1.790298684e-02
19.150000,1.646466651e-02
19.160000,1.618782676e-02
19.170000,1.698528354e-02
19.180000,1.762296106e-02
19.190000,1.640672767e-02
19.200000,1.232517270e-02
19.210000,5.823745054e-03
19.220000,-1.409307411e-03
19.230000,-7.407898716e-03
19.240000,-1.091388425e-02
19.250000,-1.188949066e-02
19.260000,-1.145140358e-02
19.270000,-1.128020253e-02
19.280000,-1.269463915e-02
19.290000,-1.585033547e-02
19.300000,-1.963465642e-02
19.310000,-2.242780801e-02
19.320000,-2.319665607e-02
19.330000,-2.210658033e-02
19.340000,-2.030152390e-02
19.350000,-1.915665056e-02
19.360000,-1.951841509e-02
19.370000,-2.129414845e-02
19.380000,-2.358134670e-02
19.390000,-2.529325976e-02
19.400000,-2.587044664e-02
19.410000,-2.554352330e-02
19.420000,-2.502054952e-02
19.430000,-2.496918930e-02
19.440000,-2.564818944e-02
19.450000,-2.672852378e-02
19.460000,-2.734356528e-02
19.470000,-2.655596819e-02
19.480000,-2.409475214e-02
19.490000,-2.068302996e-02
19.500000,-1.751221168e-02
19.510000,-1.534824356e-02
19.520000,-1.413760687e-02
19.530000,-1.331263309e-02
19.540000,-1.228339568e-02
19.550000,-1.073664376e-02
19.560000,-8.813967140e-03
19.570000,-7.160007581e-03
19.580000,-6.566566554e-03
19.590000,-7.301402338e-03
19.600000,-8.776914885e-03
19.610000,-9.940166794e-03
19.620000,-9.968610757e-03
19.630000,-8.715032838e-03
19.640000,-6.788734239e-03
19.650000,-5.292758972e-03
19.660000,-5.213042022e-03
19.670000,-6.797543386e-03
19.680000,-9.417279489e-03
19.690000,-1.193147613e-02
19.700000,-1.323807255e-02
19.710000,-1.282966979e-02
19.720000,-1.113880862e-02
19.730000,-9.304118514e-03
19.740000,-8.416304810e-03
19.750000,-8.865407340e-03
19.760000,-1.022052533e-02
19.770000,-1.153611767e-02
19.780000,-1.184977993e-02
19.790000,-1.068955402e-02
19.800000,-8.356935765e-03
19.810000,-5.835608717e-03
19.820000,-4.364277166e-03
19.830000,-4.820818494e-03
19.840000,-7.236109592e-03
19.850000,-1.081774155e-02
19.860000,-1.445049321e-02
19.870000,-1.722970191e-02
19.880000,-1.876648005e-02
19.890000,-1.928247608e-02
19.900000,-1.943106299e-02
19.910000,-1.985290974e-02
19.920000,-2.079071452e-02
19.930000,-2.200764709e-02
19.940000,-2.291596920e-02
19.950000,-2.283008181e-02
19.960000,-2.131833910e-02
19.970000,-1.842457707e-02
19.980000,-1.458933390e-02
19.990000,-1.044367366e-02
20.000000,-6.596555665e-03
20.010000,-3.325128666e-03
20.020000,-3.436044831e-04
20.030000,3.000222978e-03
20.040000,7.250578189e-03
20.050000,1.256296055e-02
20.060000,1.866929128e-02
20.070000,2.487803681e-02
20.080000,3.021680617e-02
20.090000,3.385825773e-02
20.100000,3.550685681e-02
20.110000,3.538426799e-02
20.120000,3.399143611e-02
20.130000,3.200140585e-02
20.140000,3.019671416e-02
20.150000,2.919362142e-02
20.160000,2.915192133e-02
20.170000,2.987610202e-02
20.180000,3.115971039e-02
20.190000,3.284485410e-02
20.200000,3.460078783e-02
20.210000,3.592782864e-02
20.220000,3.644990766e-02
20.230000,3.604360549e-02
20.240000,3.469877325e-02
20.250000,3.244704404e-02
20.260000,2.944799720e-02
20.270000,2.603248784e-02
20.280000,2.264432290e-02
20.290000,1.969907486e-02
20.300000,1.735889962e-02
20.310000,1.546347074e-02
20.320000,1.384484827e-02
20.330000,1.264915970e-02
20.340000,1.212562949e-02
20.350000,1.213726980e-02
20.360000,1.209764595e-02
20.370000,1.136669742e-02
20.380000,9.534565172e-03
20.390000,6.402451708e-03
20.400000,1.997949970e-03
20.410000,-3.223550318e-03
20.420000,-8.296829673e-03
20.430000,-1.207975710e-02
20.440000,-1.385216832e-02
20.450000,-1.371164659e-02
20.460000,-1.247226009e-02
20.470000,-1.120943975e-02
20.480000,-1.077136142e-02
20.490000,-1.144296755e-02
20.500000,-1.286588043e-02
20.510000,-1.428519732e-02
20.520000,-1.497824968e-02
20.530000,-1.456783167e-02
20.540000,-1.312408762e-02
20.550000,-1.113267894e-02
20.560000,-9.257700863e-03
20.570000,-7.858786834e-03
20.580000,-6.649145360e-03
20.590000,-4.937164124e-03
20.600000,-2.245107695e-03
20.610000,1.329544675e-03
20.620000,5.235462899e-03
20.630000,8.778587517e-03
20.640000,1.139471813e-02
20.650000,1.289774210e-02
20.660000,1.364243400e-02
20.670000,1.440882393e-02
20.680000,1.597020518e-02
20.690000,1.859309957e-02
20.700000,2.182799109e-02
20.710000,2.476370139e-02
20.720000,2.654786965e-02
20.730000,2.676791687e-02
20.740000,2.547516584e-02
20.750000,2.295944900e-02
20.760000,1.947843752e-02
20.770000,1.508682633e-02
20.780000,9.681981332e-03
20.790000,3.271085000e-03
20.800000,-3.759640996e-03
20.810000,-1.062538525e-02
20.820000,-1.637473204e-02
20.830000,-2.020196455e-02
20.840000,-2.175093302e-02
20.850000,-2.136598692e-02
20.860000,-2.009660634e-02
20.870000,-1.926190428e-02
20.880000,-1.976037103e-02
20.890000,-2.165362073e-02
20.900000,-2.434079044e-02
20.910000,-2.708212014e-02
20.920000,-2.940748518e-02
20.930000,-3.122079202e-02
20.940000,-3.269333591e-02
20.950000,-3.403819786e-02
20.960000,-3.522990847e-02
20.970000,-3.585924439e-02
20.980000,-3.533268311e-02
20.990000,-3.334164641e-02
21.000000,-3.022250613e-02
21.010000,-2.689071149e-02
21.020000,-2.439610430e-02
21.030000,-2.340970116e-02
21.040000,-2.392258049e-02
21.050000,-2.527190332e-02
21.060000,-2.646489259e-02
21.070000,-2.664744514e-02
21.080000,-2.548626028e-02
21.090000,-2.327810275e-02
21.100000,-2.073002348e-02
21.110000,-1.849337271e-02
21.120000,-1.669737825e-02
21.130000,-1.484056938e-02
21.140000,-1.221543457e-02
21.150000,-8.561610608e-03
21.160000,-4.356535830e-03
21.170000,-4.763186531e-04
21.180000,2.432664632e-03
21.190000,4.351065112e-03
21.200000,5.886638671e-03
21.210000,8.010247453e-03
21.220000,1.161024462e-02
21.230000,1.693704134e-02
21.240000,2.325114784e-02
21.250000,2.904193141e-02
21.260000,3.277133034e-02
21.270000,3.365379592e-02
21.280000,3.198473561e-02
21.290000,2.887274863e-02
21.300000,2.557963118e-02
21.310000,2.286220788e-02
21.320000,2.068044880e-02
21.330000,1.839693123e-02
21.340000,1.531102425e-02
21.350000,1.122499578e-02
21.360000,6.731682358e-03
21.370000,2.994224927e-03
21.380000,1.032569597e-03
21.390000,9.456365873e-04
21.400000,1.706947149e-03
21.410000,1.761785020e-03
21.420000,-4.561943881e-05
21.430000,-3.858105960e-03
21.440000,-8.729518929e-03
21.450000,-1.301960399e-02
21.460000,-1.517022671e-02
21.470000,-1.454127264e-02
21.480000,-1.173840887e-02
21.490000,-8.201883202e-03
21.500000,-5.405826031e-03
21.510000,-4.120916936e-03
21.520000,-4.019633782e-03
21.530000,-3.872146460e-03
21.540000,-2.367845194e-03
21.550000,9.396589295e-04
21.560000,5.273621039e-03
21.570000,9.112314556e-03
21.580000,1.113257051e-02
21.590000,1.097401717e-02
21.600000,9.378087481e-03
21.610000,7.754006134e-03
21.620000,7.531086417e-03
21.630000,9.525906899e-03
21.640000,1.346341153e-02
21.650000,1.799199786e-02
21.660000,2.140432184e-02
21.670000,2.262307417e-02
21.680000,2.171519974e-02
21.690000,1.968631745e-02
21.700000,1.784948546e-02
21.710000,1.714806168e-02
21.720000,1.773527975e-02
21.730000,1.902075263e-02
21.740000,2.011882270e-02
21.750000,2.036016583e-02
21.760000,1.957206852e-02
21.770000,1.805945760e-02
21.780000,1.635359920e-02
21.790000,1.486680582e-02
21.800000,1.366430172e-02
21.810000,1.250876125e-02
21.820000,1.112069386e-02
21.830000,9.442413941e-03
21.840000,7.726606007e-03
21.850000,6.389863822e-03
21.860000,5.701307022e-03
21.870000,5.527673014e-03
21.880000,5.375884849e-03
21.890000,4.712247878e-03
21.900000,3.272192801e-03
21.910000,1.160537616e-03
21.920000,-1.229774096e-03
21.930000,-3.434818320e-03
21.940000,-5.234869577e-03
21.950000,-6.859131394e-03
21.960000,-8.854462121e-03
21.970000,-1.169718949e-02
21.980000,-1.543538409e-02
21.990000,-1.955314040e-02
22.000000,-2.312511825e-02
22.010000,-2.524255948e-02
22.020000,-2.549674869e-02
22.030000,-2.419483376e-02
22.040000,-2.217368674e-02
22.050000,-2.035507212e-02
22.060000,-1.930044404e-02
22.070000,-1.899268055e-02
22.080000,-1.892219114e-02
22.090000,-1.836013762e-02
22.100000,-1.667402447e-02
22.110000,-1.363370569e-02
22.120000,-9.591171535e-03
22.130000,-5.322409884e-03
22.140000,-1.558420077e-03
22.150000,1.408280004e-03
22.160000,3.725761267e-03
22.170000,5.705829760e-03
22.180000,7.581783228e-03
22.190000,9.419527761e-03
22.200000,1.109794194e-02
22.210000,1.231748182e-02
22.220000,1.269638195e-02
22.230000,1.195344265e-02
22.240000,1.006342756e-02
22.250000,7.300156973e-03
22.260000,4.184250791e-03
22.270000,1.362049428e-03
22.280000,-5.818743737e-04
22.290000,-1.317429081e-03
22.300000,-8.615324695e-04
22.310000,4.581149976e-04
22.320000,2.118464258e-03
22.330000,3.573281266e-03
22.340000,4.470016019e-03
22.350000,4.801899775e-03
22.360000,4.844746235e-03
22.370000,4.891826654e-03
22.380000,4.997245373e-03
22.390000,4.911907170e-03
22.400000,4.214011834e-03
22.410000,2.545664252e-03
22.420000,-1.338788087e-04
22.430000,-3.420159045e-03
22.440000,-6.601940828e-03
22.450000,-9.012817139e-03
22.460000,-1.035577911e-02
22.470000,-1.081529048e-02
22.480000,-1.093461412e-02
22.490000,-1.131593448e-02
22.500000,-1.226349011e-02
22.510000,-1.357891205e-02
22.520000,-1.468131134e-02
22.530000,-1.500290380e-02
22.540000,-1.438128040e-02
22.550000,-1.315698560e-02
22.560000,-1.193446461e-02
22.570000,-1.122678310e-02
22.580000,-1.119399767e-02
22.590000,-1.152891133e-02
22.600000,-1.155490218e-02
22.610000,-1.062515449e-02
22.620000,-8.632517153e-03
22.630000,-6.173331709e-03
22.640000,-4.172992460e-03
22.650000,-3.297005949e-03
22.660000,-3.582548616e-03
22.670000,-4.440217154e-03
22.680000,-4.946062824e-03
22.690000,-4.280949234e-03
22.700000,-2.139243998e-03
22.710000,1.077144359e-03
22.720000,4.398667662e-03
22.730000,6.752199813e-03
22.740000,7.534218140e-03
22.750000,6.925685350e-03
22.760000,5.727506238e-03
22.770000,4.863386162e-03
22.780000,4.891512377e-03
22.790000,5.765992982e-03
22.800000,6.925867180e-03
22.810000,7.654845265e-03
22.820000,7.498124625e-03
22.830000,6.489321283e-03
22.840000,5.119794821e-03
22.850000,4.116448306e-03
22.860000,4.066230099e-03
22.870000,5.016738277e-03
22.880000,6.378764924e-03
22.890000,7.295726091e-03
22.900000,7.172394035e-03
22.910000,5.941072818e-03
22.920000,4.007873987e-03
22.930000,2.055471958e-03
22.940000,7.830007163e-04
22.950000,6.225945831e-04
22.960000,1.557097283e-03
22.970000,3.134062816e-03
22.980000,4.671990187e-03
22.990000,5.599536313e-03
23.000000,5.760631074e-03
23.010000,5.449723527e-03
23.020000,5.142121649e-03
23.030000,5.160418633e-03
23.040000,5.508315044e-03
23.050000,5.903292954e-03
23.060000,5.930424773e-03
23.070000,5.230839455e-03
23.080000,3.664312440e-03
23.090000,1.424548642e-03
23.100000,-9.530517112e-04
23.110000,-2.799978841e-03
23.120000,-3.682959638e-03
23.130000,-3.642783506e-03
23.140000,-3.104772734e-03
23.150000,-2.574953965e-03
23.160000,-2.348217300e-03
23.170000,-2.356486148e-03
23.180000,-2.213727027e-03
23.190000,-1.446612407e-03
23.200000,2.205645228e-04
23.210000,2.686579522e-03
23.220000,5.471789718e-03
23.230000,7.899022437e-03
23.240000,9.401912965e-03
23.250000,9.798181154e-03
23.260000,9.340746701e-03
23.270000,8.513848428e-03
23.280000,7.728549375e-03
23.290000,7.118785192e-03
23.300000,6.542768434e-03
23.310000,5.753894157e-03
23.320000,4.613854390e-03
23.330000,3.220046141e-03
23.340000,1.886267265e-03
23.350000,9.959166097e-04
23.360000,7.982996982e-04
23.370000,1.242688162e-03
23.380000,1.964375119e-03
23.390000,2.493379319e-03
23.400000,2.570783068e-03
23.410000,2.292297692e-03
23.420000,1.936998777e-03
23.430000,1.670462207e-03
23.440000,1.401954873e-03
23.450000,8.584233322e-04
23.460000,-2.300142284e-04
23.470000,-1.926896846e-03
23.480000,-3.959172358e-03
23.490000,-5.776825475e-03
23.500000,-6.823493099e-03
23.510000,-6.863775848e-03
23.520000,-6.148685098e-03
23.530000,-5.303393734e-03
23.540000,-4.994595498e-03
23.550000,-5.557238838e-03
23.560000,-6.773376978e-03
23.570000,-7.936761085e-03
23.580000,-8.233221663e-03
23.590000,-7.269135797e-03
23.600000,-5.378855590e-03
23.610000,-3.434200469e-03
23.620000,-2.301132538e-03
23.630000,-2.374011276e-03
23.640000,-3.435425337e-03
23.650000,-4.780722674e-03
23.660000,-5.530321194e-03
23.670000,-5.109311282e-03
23.680000,-3.660727692e-03
23.690000,-2.004415293e-03
23.700000,-1.103408687e-03
23.710000,-1.480039805e-03
23.720000,-2.984692851e-03
23.730000,-4.924143063e-03
23.740000,-6.391949878e-03
23.750000,-6.700647937e-03
23.760000,-5.747798796e-03
23.770000,-4.060271948e-03
23.780000,-2.441931330e-03
23.790000,-1.465102054e-03
23.800000,-1.159160705e-03
23.810000,-1.080445286e-03
23.820000,-6.653119618e-04
23.830000,3.991092761e-04
23.840000,1.996715664e-03
23.850000,3.653475635e-03
23.860000,4.807302338e-03
23.870000,5.132219789e-03
23.880000,4.705115437e-03
23.890000,3.907854531e-03
23.900000,3.169587687e-03
23.910000,2.729646824e-03
23.920000,2.532675951e-03
23.930000,2.303273777e-03
23.940000,1.767798843e-03
23.950000,8.761015580e-04
23.960000,-1.359795905e-04
23.970000,-8.834645536e-04
23.980000,-1.083996368e-03
23.990000,-7.600981618e-04
24.000000,-2.348850066e-04
24.010000,7.200804149e-05
24.020000,-1.238553287e-04
24.030000,-8.384303596e-04
24.040000,-1.794126518e-03
24.050000,-2.532976235e-03
24.060000,-2.689195937e-03
24.070000,-2.262413569e-03
24.080000,-1.646393192e-03
24.090000,-1.367245339e-03
24.100000,-1.733707090e-03
24.110000,-2.641978517e-03
24.120000,-3.636875043e-03
24.130000,-4.156701207e-03
24.140000,-3.804499929e-03
24.150000,-2.531644691e-03
24.160000,-6.863070122e-04
24.170000,1.110506446e-03
24.180000,2.251867000e-03
24.190000,2.457248271e-03
24.200000,1.911282917e-03
24.210000,1.131872893e-03
24.220000,6.467303923e-04
24.230000,6.862702897e-04
24.240000,1.096361719e-03
24.250000,1.505464825e-03
24.260000,1.584922667e-03
24.270000,1.221810360e-03
24.280000,5.558575716e-04
24.290000,-8.516199932e-05
24.300000,-3.316580396e-04
24.310000,2.959583765e-05
24.320000,9.018658631e-04
24.330000,1.889066448e-03
24.340000,2.508312985e-03
24.350000,2.500395121e-03
24.360000,2.025160395e-03
24.370000,1.562225662e-03
24.380000,1.563958454e-03
24.390000,2.154711998e-03
24.400000,3.127360063e-03
24.410000,4.158601587e-03
24.420000,4.980033662e-03
24.430000,5.429112524e-03
24.440000,5.495619418e-03
24.450000,5.357570589e-03
24.460000,5.261985251e-03
24.470000,5.282565297e-03
24.480000,5.209017658e-03
24.490000,4.705832737e-03
24.500000,3.584618309e-03
24.510000,1.959690395e-03
24.520000,2.148573202e-04
24.530000,-1.166530456e-03
24.540000,-1.843364232e-03
24.550000,-1.826898762e-03
24.560000,-1.492032869e-03
24.570000,-1.324224250e-03
24.580000,-1.590805853e-03
24.590000,-2.203538145e-03
24.600000,-2.816548808e-03
24.610000,-3.016163204e-03
24.620000,-2.522902541e-03
24.630000,-1.382286787e-03
24.640000,-1.073720250e-05
24.650000,1.028387060e-03
24.660000,1.384344750e-03
24.670000,1.122869918e-03
24.680000,6.532961701e-04
24.690000,4.843498807e-04
24.700000,9.434875692e-04
24.710000,1.960222387e-03
24.720000,3.053209424e-03
24.730000,3.608484508e-03
24.740000,3.284693197e-03
24.750000,2.217850492e-03
24.760000,8.975115342e-04
24.770000,-1.074343438e-04
24.780000,-3.887979525e-04
24.790000,1.179215079e-04
24.800000,1.064000903e-03
24.810000,1.868223516e-03
24.820000,2.083959961e-03
24.830000,1.653291527e-03
24.840000,8.774871474e-04
24.850000,2.054242510e-04
24.860000,-2.311270300e-05
24.870000,2.046880325e-04
24.880000,5.397945363e-04
24.890000,5.075583547e-04
24.900000,-1.556204114e-04
24.910000,-1.333898719e-03
24.920000,-2.603718867e-03
24.930000,-3.450835583e-03
24.940000,-3.538309667e-03
24.950000,-2.907709644e-03
24.960000,-1.957993622e-03
24.970000,-1.184930946e-03
24.980000,-8.788313445e-04
24.990000,-9.969584909e-04
25.000000,-1.256197088e-03
25.010000,-1.348268356e-03
25.020000,-1.147943465e-03
25.030000,-8.083221378e-04
25.040000,-6.844149734e-04
25.050000,-1.104990933e-03
25.060000,-2.115724265e-03
25.070000,-3.379537484e-03
25.080000,-4.340539713e-03
25.090000,-4.555113398e-03
25.100000,-3.965490649e-03
25.110000,-2.955372060e-03
25.120000,-2.164303420e-03
25.130000,-2.139714122e-03
25.140000,-3.006640813e-03
25.150000,-4.376677654e-03
25.160000,-5.565424941e-03
25.170000,-5.957257673e-03
25.180000,-5.300719651e-03
25.190000,-3.815077412e-03
25.200000,-2.062203719e-03
25.210000,-6.208686789e-04
25.220000,2.472088043e-04
25.230000,7.069164357e-04
25.240000,1.179723157e-03
25.250000,2.036530509e-03
25.260000,3.335536991e-03
25.270000,4.738117005e-03
25.280000,5.664442434e-03
25.290000,5.618708735e-03
25.300000,4.481583414e-03
25.310000,2.581182944e-03
25.320000,5.174282747e-04
25.330000,-1.126589534e-03
25.340000,-2.022780617e-03
25.350000,-2.197947762e-03
25.360000,-1.977094006e-03
25.370000,-1.783597359e-03
25.380000,-1.882086150e-03
25.390000,-2.239705246e-03
25.400000,-2.617399730e-03
25.410000,-2.786344267e-03
25.420000,-2.665108727e-03
25.430000,-2.311032514e-03
25.440000,-1.848575906e-03
25.450000,-1.399618850e-03
25.460000,-1.018598159e-03
25.470000,-6.596748364e-04
25.480000,-2.269759303e-04
25.490000,3.108982352e-04
25.500000,8.406613603e-04
25.510000,1.135360920e-03
25.520000,9.792187644e-04
25.530000,3.011269180e-04
25.540000,-7.693191831e-04
25.550000,-1.959980333e-03
25.560000,-2.989930512e-03
25.570000,-3.685782378e-03
25.580000,-4.010447255e-03
25.590000,-4.014470411e-03
25.600000,-3.766682745e-03
25.610000,-3.302746595e-03
25.620000,-2.606026708e-03
25.630000,-1.634043737e-03
25.640000,-3.877020895e-04
25.650000,1.020300713e-03
25.660000,2.357546739e-03
25.670000,3.344980383e-03
25.680000,3.773348887e-03
25.690000,3.601322504e-03
25.700000,2.986097853e-03
25.710000,2.222160777e-03
25.720000,1.613009505e-03
25.730000,1.360160932e-03
25.740000,1.529556525e-03
25.750000,2.053743320e-03
25.760000,2.728499069e-03
25.770000,3.273458170e-03
25.780000,3.489826314e-03
25.790000,3.367604397e-03
25.800000,3.026790111e-03
25.810000,2.614322588e-03
25.820000,2.283933810e-03
25.830000,2.168995718e-03
25.840000,2.281835696e-03
25.850000,2.487154402e-03
25.860000,2.632495769e-03
25.870000,2.672758233e-03
25.880000,2.660458616e-03
25.890000,2.683593788e-03
25.900000,2.827908518e-03
25.910000,3.122621346e-03
25.920000,3.467519806e-03
25.930000,3.621408993e-03
25.940000,3.292544584e-03
25.950000,2.295056026e-03
25.960000,6.879775860e-04
25.970000,-1.206531278e-03
25.980000,-2.935228562e-03
25.990000,-4.104274878e-03
26.000000,-4.529180634e-03
26.010000,-4.303993644e-03
26.020000,-3.744225571e-03
26.030000,-3.197693213e-03
26.040000,-2.854804967e-03
26.050000,-2.694905090e-03
26.060000,-2.544200728e-03
26.070000,-2.174035871e-03
26.080000,-1.444176268e-03
26.090000,-4.423242777e-04
26.100000,5.250179887e-04
26.110000,1.118289969e-03
26.120000,1.170164698e-03
26.130000,7.713838149e-04
26.140000,2.253499154e-04
26.150000,-8.993279576e-05
26.160000,9.967679199e-05
26.170000,8.229645945e-04
26.180000,1.828386707e-03
26.190000,2.692164904e-03
26.200000,3.042691863e-03
26.210000,2.760811710e-03
26.220000,1.999651080e-03
26.230000,1.051117582e-03
26.240000,2.179687379e-04
26.250000,-2.655687064e-04
26.260000,-3.244561808e-04
26.270000,-9.294648200e-05
26.280000,1.841392369e-04
26.290000,3.369785223e-04
26.300000,3.698814015e-04
26.310000,4.218625396e-04
26.320000,6.639140261e-04
26.330000,1.197725686e-03
26.340000,1.989604245e-03
26.350000,2.867534257e-03
26.360000,3.574462792e-03
26.370000,3.849220097e-03
26.380000,3.526674838e-03
26.390000,2.632190779e-03
26.400000,1.399070122e-03
26.410000,1.701347665e-04
26.420000,-7.587823756e-04
26.430000,-1.255803167e-03
26.440000,-1.376590137e-03
26.450000,-1.305043596e-03
26.460000,-1.258788269e-03
26.470000,-1.399762375e-03
26.480000,-1.767249962e-03
26.490000,-2.261454632e-03
26.500000,-2.710476394e-03
26.510000,-2.985645141e-03
26.520000,-3.072162244e-03
26.530000,-3.059916801e-03
26.540000,-3.093625267e-03
26.550000,-3.295518128e-03
26.560000,-3.660752727e-03
26.570000,-4.010580875e-03
26.580000,-4.093490143e-03
26.590000,-3.759494592e-03
26.600000,-3.039576958e-03
26.610000,-2.097407998e-03
26.620000,-1.159369890e-03
26.630000,-4.703252358e-04
26.640000,-2.214568099e-04
26.650000,-4.464002323e-04
26.660000,-9.840358577e-04
26.670000,-1.571225755e-03
26.680000,-1.988434666e-03
26.690000,-2.128522842e-03
26.700000,-1.967081221e-03
26.710000,-1.528716682e-03
26.720000,-9.022930290e-04
26.730000,-2.391734937e-04
26.740000,3.174167361e-04
26.750000,6.961547343e-04
26.760000,8.719254158e-04
26.770000,8.129522383e-04
26.780000,5.087992556e-04
26.790000,4.126540468e-05
26.800000,-4.333975172e-04
26.810000,-7.973874684e-04
26.820000,-1.039227079e-03
26.830000,-1.199412188e-03
26.840000,-1.282492582e-03
26.850000,-1.243263030e-03
26.860000,-1.033036258e-03
26.870000,-6.358731394e-04
26.880000,-8.313461858e-05
26.890000,5.310969869e-04
26.900000,1.048362311e-03
26.910000,1.288777138e-03
26.920000,1.133738209e-03
26.930000,6.080910399e-04
26.940000,-9.593140786e-05
26.950000,-6.946106385e-04
26.960000,-9.506477347e-04
26.970000,-7.709711371e-04
26.980000,-2.218639067e-04
26.990000,4.925964678e-04
27.000000,1.078702516e-03
27.010000,1.271776939e-03
27.020000,9.763945056e-04
27.030000,2.911520983e-04
27.040000,-5.973478097e-04
27.050000,-1.509347031e-03
27.060000,-2.282196113e-03
27.070000,-2.779114472e-03
27.080000,-2.946927748e-03
27.090000,-2.838788256e-03
27.100000,-2.544136803e-03
27.110000,-2.110598808e-03
27.120000,-1.552376702e-03
27.130000,-9.064353394e-04
27.140000,-2.417794804e-04
27.150000,3.827325145e-04
27.160000,9.439432026e-04
27.170000,1.437355662e-03
27.180000,1.851298719e-03
27.190000,2.160863240e-03
27.200000,2.346203692e-03
27.210000,2.429846693e-03
27.220000,2.501762387e-03
27.230000,2.687656823e-03
27.240000,3.070124490e-03
27.250000,3.631747196e-03
27.260000,4.260238883e-03
27.270000,4.788688648e-03
27.280000,5.040470642e-03
27.290000,4.883661972e-03
27.300000,4.294743533e-03
27.310000,3.396440246e-03
27.320000,2.428243551e-03
27.330000,1.646639846e-03
27.340000,1.208832356e-03
27.350000,1.116958681e-03
27.360000,1.252149708e-03
27.370000,1.455448308e-03
27.380000,1.599037704e-03
27.390000,1.628213878e-03
27.400000,1.569831524e-03
27.410000,1.496818226e-03
27.420000,1.462496588e-03
27.430000,1.454698950e-03
27.440000,1.406597167e-03
27.450000,1.247994387e-03
27.460000,9.535588379e-04
27.470000,5.634205710e-04
27.480000,1.745421799e-04
27.490000,-9.796650451e-05
27.500000,-1.830704610e-04
27.510000,-1.010142867e-04
27.520000,5.038926190e-05
27.530000,1.608924679e-04
27.540000,1.615723821e-04
27.550000,3.059706694e-05
27.560000,-2.241216905e-04
27.570000,-5.742524734e-04
27.580000,-9.781161338e-04
27.590000,-1.400147985e-03
27.600000,-1.831438233e-03
27.610000,-2.284143263e-03
27.620000,-2.753057017e-03
27.630000,-3.182154485e-03
27.640000,-3.486251041e-03
27.650000,-3.614987102e-03
27.660000,-3.582142816e-03
27.670000,-3.428518890e-03
27.680000,-3.180850179e-03
27.690000,-2.856642122e-03
27.700000,-2.476792700e-03
27.710000,-2.048891092e-03
27.720000,-1.561171796e-03
27.730000,-1.023077174e-03
27.740000,-5.042761390e-04
27.750000,-1.084406127e-04
27.760000,1.000519969e-04
27.770000,1.398344118e-04
27.780000,8.829585755e-05
27.790000,2.850562561e-05
27.800000,2.378039068e-05
27.810000,1.175318837e-04
27.820000,3.182712704e-04
27.830000,5.772275944e-04
27.840000,8.072450980e-04
27.850000,9.371693802e-04
27.860000,9.389462703e-04
27.870000,8.106901638e-04
27.880000,5.617658885e-04
27.890000,2.197300102e-04
27.900000,-1.676855317e-04
27.910000,-5.468641613e-04
27.920000,-8.730738957e-04
27.930000,-1.117280714e-03
27.940000,-1.264703912e-03
27.950000,-1.308018192e-03
27.960000,-1.251112360e-03
27.970000,-1.125739533e-03
27.980000,-9.868169285e-04
27.990000,-8.714260108e-04
28.000000,-7.702890733e-04
28.010000,-6.546832029e-04
28.020000,-5.252718374e-04
28.030000,-4.246667730e-04
28.040000,-4.085972579e-04
28.050000,-5.093485214e-04
28.060000,-7.136626167e-04
28.070000,-9.584854877e-04
28.080000,-1.144203368e-03
28.090000,-1.167680639e-03
28.100000,-9.740207225e-04
28.110000,-6.035548087e-04
28.120000,-1.909312252e-04
28.130000,9.781235755e-05
28.140000,1.491357692e-04
28.150000,-4.355851333e-05
28.160000,-3.735802123e-04
28.170000,-6.639993515e-04
28.180000,-7.483550555e-04
28.190000,-5.479416480e-04
28.200000,-1.048488295e-04
28.210000,4.331734328e-04
28.220000,8.703031988e-04
28.230000,1.060199434e-03
28.240000,9.936333001e-04
28.250000,7.966076472e-04
28.260000,6.384209851e-04
28.270000,6.349326818e-04
28.280000,8.023630503e-04
28.290000,1.058375793e-03
28.300000,1.273798946e-03
28.310000,1.365524178e-03
28.320000,1.359509857e-03
28.330000,1.368400121e-03
28.340000,1.520875963e-03
28.350000,1.897845674e-03
28.360000,2.479655258e-03
28.370000,3.119126524e-03
28.380000,3.589767776e-03
28.390000,3.701917865e-03
28.400000,3.399636196e-03
28.410000,2.771645739e-03
28.420000,1.988672646e-03
28.430000,1.218204108e-03
28.440000,5.610020632e-04
28.450000,3.152365523e-05
28.460000,-4.195402662e-04
28.470000,-8.531747786e-04
28.480000,-1.282890736e-03
28.490000,-1.653977761e-03
28.500000,-1.891785911e-03
28.510000,-1.974573129e-03
28.520000,-1.951829282e-03
28.530000,-1.898817239e-03
28.540000,-1.867477345e-03
28.550000,-1.868577248e-03
28.560000,-1.869725380e-03
28.570000,-1.802721435e-03
28.580000,-1.599757934e-03
28.590000,-1.254563775e-03
28.600000,-8.573402553e-04
28.610000,-5.545107600e-04
28.620000,-4.523412919e-04
28.630000,-5.447909173e-04
28.640000,-7.231269508e-04
28.650000,-8.467967996e-04
28.660000,-8.182663322e-04
28.670000,-6.280053778e-04
28.680000,-3.572434254e-04
28.690000,-1.293954923e-04
28.700000,-2.659663053e-05
28.710000,-2.868835966e-05
28.720000,-2.836879356e-05
28.730000,8.712954174e-05
28.740000,3.558548404e-04
28.750000,7.181835633e-04
28.760000,1.047596855e-03
28.770000,1.207101491e-03
28.780000,1.121919519e-03
28.790000,8.471931038e-04
28.800000,5.679818102e-04
28.810000,4.976452772e-04
28.820000,7.434043024e-04
28.830000,1.247283872e-03
28.840000,1.831514969e-03
28.850000,2.293563515e-03
28.860000,2.494310781e-03
28.870000,2.413453619e-03
28.880000,2.152142424e-03
28.890000,1.871188292e-03
28.900000,1.692998481e-03
28.910000,1.631093578e-03
28.920000,1.595351920e-03
28.930000,1.464088929e-03
28.940000,1.169647182e-03
28.950000,7.440691940e-04
28.960000,3.008171414e-04
28.970000,-3.556002964e-05
28.980000,-2.081152696e-04
28.990000,-2.625538336e-04
29.000000,-3.173597775e-04
29.010000,-4.928139052e-04
29.020000,-8.427012101e-04
29.030000,-1.322360459e-03
29.040000,-1.804454725e-03
29.050000,-2.132088935e-03
29.060000,-2.187966904e-03
29.070000,-1.956720995e-03
29.080000,-1.548774278e-03
29.090000,-1.152172823e-03
29.100000,-9.249308652e-04
29.110000,-9.076947083e-04
29.120000,-1.029323444e-03
29.130000,-1.184398204e-03
29.140000,-1.298784418e-03
29.150000,-1.341425121e-03
29.160000,-1.311032431e-03
29.170000,-1.229155202e-03
29.180000,-1.130094962e-03
29.190000,-1.032683352e-03
29.200000,-9.138414410e-04
29.210000,-7.180331899e-04
29.220000,-4.040526134e-04
29.230000,8.842636058e-06
29.240000,4.341186661e-04
29.250000,7.543837766e-04
29.260000,8.745510079e-04
29.270000,7.645829524e-04
29.280000,4.782771043e-04
29.290000,1.388774818e-04
29.300000,-1.113605510e-04
29.310000,-1.733532851e-04
29.320000,-2.282471886e-05
29.330000,3.005428988e-04
29.340000,7.167513665e-04
29.350000,1.123315063e-03
29.360000,1.423037551e-03
29.370000,1.562279530e-03
29.380000,1.544192532e-03
29.390000,1.403089920e-03
29.400000,1.174867901e-03
29.410000,8.903516603e-04
29.420000,5.788441654e-04
29.430000,2.709392749e-04
29.440000,6.795755662e-06
29.450000,-1.610504888e-04
29.460000,-1.884696593e-04
29.470000,-6.626280508e-05
29.480000,1.774829205e-04
29.490000,4.887780652e-04
29.500000,7.896825501e-04
29.510000,9.861325477e-04
29.520000,1.001340387e-03
29.530000,8.092653282e-04
29.540000,4.369190925e-04
29.550000,-5.097753984e-05
29.560000,-5.623443295e-04
29.570000,-9.942737594e-04
29.580000,-1.266460151e-03
29.590000,-1.347439673e-03
29.600000,-1.252409766e-03
29.610000,-1.028800252e-03
29.620000,-7.483114641e-04
29.630000,-4.919994302e-04
29.640000,-3.158111921e-04
29.650000,-2.233420044e-04
29.660000,-1.786037274e-04
29.670000,-1.433567078e-04
29.680000,-9.586687693e-05
29.690000,-2.480454173e-05
29.700000,7.240079049e-05
29.710000,1.814210253e-04
29.720000,2.778696719e-04
29.730000,3.496431631e-04
29.740000,4.039936375e-04
29.750000,4.506075720e-04
29.760000,4.868325869e-04
29.770000,5.009831439e-04
29.780000,4.823607783e-04
29.790000,4.276686387e-04
29.800000,3.452322034e-04
29.810000,2.549028109e-04
29.820000,1.793002304e-04
29.830000,1.325904746e-04
29.840000,1.166503085e-04
29.850000,1.244134834e-04
29.860000,1.444330290e-04
29.870000,1.650053665e-04
29.880000,1.784636753e-04
29.890000,1.833760262e-04
29.900000,1.824968772e-04
29.910000,1.787053827e-04
29.920000,1.730840345e-04
29.930000,1.660901031e-04
29.940000,1.590901692e-04
29.950000,1.539631084e-04
29.960000,1.516260906e-04
29.970000,1.515582931e-04
29.980000,1.525950362e-04
